id,LINDC+,LDCH,LD2S1,LD3S1,LNM,LINN,overshoot,damping
0,3.341199401319027e-09,2.993672937778756e-08,1.09126189747639e-08,3.241194634450599e-08,5.5146328267455095e-08,8.136744990199804e-09,1421.9982,0.21200543642044067
1,2.41773400792107e-08,2.993672937778756e-08,1.09126189747639e-08,3.241194634450599e-08,5.5146328267455095e-08,8.136744990199804e-09,1668.0142,0.23574091494083405
2,3.341199401319027e-09,7.65809063864872e-09,1.09126189747639e-08,3.241194634450599e-08,5.5146328267455095e-08,8.136744990199804e-09,1225.9357,0.15188956260681152
3,3.341199401319027e-09,2.993672937778756e-08,2.7837770639415832e-08,3.241194634450599e-08,5.5146328267455095e-08,8.136744990199804e-09,1593.2681,0.026662128046154976
4,3.341199401319027e-09,2.993672937778756e-08,1.09126189747639e-08,4.80189196062088e-08,5.5146328267455095e-08,8.136744990199804e-09,1695.0869,0.0271807461977005
5,3.341199401319027e-09,2.993672937778756e-08,1.09126189747639e-08,3.241194634450599e-08,5.063939517490566e-08,8.136744990199804e-09,1556.9219,0.029544398188591003
6,3.341199401319027e-09,2.993672937778756e-08,1.09126189747639e-08,3.241194634450599e-08,5.5146328267455095e-08,4.600842451104894e-08,1735.2227,0.24452340602874756
7,2.41773400792107e-08,7.65809063864872e-09,2.7837770639415832e-08,4.80189196062088e-08,5.063939517490566e-08,4.600842451104894e-08,1635.0833,0.22259621322155
8,3.472113106343895e-08,5.824911120543257e-08,3.201479386994615e-08,2.3132683179769665e-08,4.502795610316098e-09,5.091813345961272e-08,1640.3943,0.2174224704504013
9,4.237150671871379e-08,5.824911120543257e-08,3.201479386994615e-08,2.3132683179769665e-08,4.502795610316098e-09,5.091813345961272e-08,1699.7124,0.25002869963645935
10,3.472113106343895e-08,7.017382851783186e-08,3.201479386994615e-08,2.3132683179769665e-08,4.502795610316098e-09,5.091813345961272e-08,1741.8916,0.26612985134124756
11,3.472113106343895e-08,5.824911120543257e-08,3.5654581588823344e-08,2.3132683179769665e-08,4.502795610316098e-09,5.091813345961272e-08,1781.8552,0.263977587223053
12,3.472113106343895e-08,5.824911120543257e-08,3.201479386994615e-08,2.675964943725616e-08,4.502795610316098e-09,5.091813345961272e-08,1696.0962,0.252661794424057
13,3.472113106343895e-08,5.824911120543257e-08,3.201479386994615e-08,2.3132683179769665e-08,2.441329971276224e-08,5.091813345961272e-08,1708.2375,0.248935267329216
14,3.472113106343895e-08,5.824911120543257e-08,3.201479386994615e-08,2.3132683179769665e-08,4.502795610316098e-09,1.1801058211345225e-08,1755.9893,0.26723432540893555
15,4.237150671871379e-08,7.017382851783186e-08,3.5654581588823344e-08,2.675964943725616e-08,2.441329971276224e-08,1.1801058211345225e-08,1747.5906,0.24287860095500946
16,4.701740296825766e-08,1.648860150771216e-08,1.576015062250197e-08,5.154418307244777e-08,2.1240486468970776e-08,3.820225849468261e-08,1585.8782,0.22685936093330383
17,5.8844982959330085e-09,1.648860150771216e-08,1.576015062250197e-08,5.154418307244777e-08,2.1240486468970776e-08,3.820225849468261e-08,1483.1439,0.2213842272758484
18,4.701740296825766e-08,4.075118123870343e-08,1.576015062250197e-08,5.154418307244777e-08,2.1240486468970776e-08,3.820225849468261e-08,1760.6296,0.2536330819129944
19,4.701740296825766e-08,1.648860150771216e-08,5.024208205865696e-08,5.154418307244777e-08,2.1240486468970776e-08,3.820225849468261e-08,1804.9622,0.24445678293704987
20,4.701740296825766e-08,1.648860150771216e-08,1.576015062250197e-08,3.607592871841043e-09,2.1240486468970776e-08,3.820225849468261e-08,1174.738,0.02288491278886795
21,4.701740296825766e-08,1.648860150771216e-08,1.576015062250197e-08,5.154418307244777e-08,8.660953767541796e-09,3.820225849468261e-08,1725.0408,0.028907669708132744
22,4.701740296825766e-08,1.648860150771216e-08,1.576015062250197e-08,5.154418307244777e-08,2.1240486468970776e-08,1.9417074172236025e-08,1748.9944,0.2539013624191284
23,5.8844982959330085e-09,4.075118123870343e-08,5.024208205865696e-08,3.607592871841043e-09,8.660953767541796e-09,1.9417074172236025e-08,1290.3033,0.1604492962360382
24,1.6499625565595926e-08,3.6516079664882274e-08,4.989185924723744e-08,4.091102577708662e-09,3.066762115377932e-08,2.2518161388747394e-08,1440.3323,0.22566677629947662
25,3.96065564202331e-08,3.6516079664882274e-08,4.989185924723744e-08,4.091102577708662e-09,3.066762115377932e-08,2.2518161388747394e-08,1547.1841,0.2259988635778427
26,1.6499625565595926e-08,3.256691898619756e-08,4.989185924723744e-08,4.091102577708662e-09,3.066762115377932e-08,2.2518161388747394e-08,1207.937,0.13816124200820923
27,1.6499625565595926e-08,3.6516079664882274e-08,1.3356812041904776e-08,4.091102577708662e-09,3.066762115377932e-08,2.2518161388747394e-08,1295.072,0.0
28,1.6499625565595926e-08,3.6516079664882274e-08,4.989185924723744e-08,3.6877295529637484e-08,3.066762115377932e-08,2.2518161388747394e-08,1803.2031,0.24836532771587372
29,1.6499625565595926e-08,3.6516079664882274e-08,4.989185924723744e-08,4.091102577708662e-09,3.5735061896387484e-08,2.2518161388747394e-08,1457.7687,0.2187425047159195
30,1.6499625565595926e-08,3.6516079664882274e-08,4.989185924723744e-08,4.091102577708662e-09,3.066762115377932e-08,4.159017972212284e-08,1397.9454,0.2182830274105072
31,3.96065564202331e-08,3.256691898619756e-08,1.3356812041904776e-08,3.6877295529637484e-08,3.5735061896387484e-08,4.159017972212284e-08,1605.6104,0.23296134173870087
32,2.6606688214577736e-08,2.311925709620118e-09,4.0409106464162463e-08,1.2241726546622813e-08,4.072386978771537e-08,4.8006135671772065e-09,529.99927,0.04301563277840614
33,9.66143671337515e-09,2.311925709620118e-09,4.0409106464162463e-08,1.2241726546622813e-08,4.072386978771537e-08,4.8006135671772065e-09,506.48145,0.04583296179771423
34,2.6606688214577736e-08,5.028240907751024e-08,4.0409106464162463e-08,1.2241726546622813e-08,4.072386978771537e-08,4.8006135671772065e-09,1697.9849,0.2482627034187317
35,2.6606688214577736e-08,2.311925709620118e-09,4.431072589077055e-08,1.2241726546622813e-08,4.072386978771537e-08,4.8006135671772065e-09,529.5751,0.043413445353507996
36,2.6606688214577736e-08,2.311925709620118e-09,4.0409106464162463e-08,1.8214283695183694e-08,4.072386978771537e-08,4.8006135671772065e-09,688.2737,0.25470855832099915
37,2.6606688214577736e-08,2.311925709620118e-09,4.0409106464162463e-08,1.2241726546622813e-08,7.160008644871414e-10,4.8006135671772065e-09,571.95996,0.17867262661457062
38,2.6606688214577736e-08,2.311925709620118e-09,4.0409106464162463e-08,1.2241726546622813e-08,4.072386978771537e-08,3.257872587814927e-08,806.7134,0.3288281261920929
39,9.66143671337515e-09,5.028240907751024e-08,4.431072589077055e-08,1.8214283695183694e-08,7.160008644871414e-10,3.257872587814927e-08,1720.3196,0.24509038031101227
40,5.1108698672652244e-08,5.2698903633840386e-08,6.383508874326944e-09,4.425412016637623e-08,1.9408777477368714e-08,4.8021530815083533e-08,1593.7446,0.24997812509536743
41,2.9374117519203575e-08,5.2698903633840386e-08,6.383508874326944e-09,4.425412016637623e-08,1.9408777477368714e-08,4.8021530815083533e-08,1700.3015,0.24254962801933289
42,5.1108698672652244e-08,2.3113485641125593e-08,6.383508874326944e-09,4.425412016637623e-08,1.9408777477368714e-08,4.8021530815083533e-08,1557.9307,0.2285182774066925
43,5.1108698672652244e-08,5.2698903633840386e-08,5.546575308777392e-09,4.425412016637623e-08,1.9408777477368714e-08,4.8021530815083533e-08,1539.414,0.24386979639530182
44,5.1108698672652244e-08,5.2698903633840386e-08,6.383508874326944e-09,5.323273392997682e-08,1.9408777477368714e-08,4.8021530815083533e-08,1835.741,0.26059862971305847
45,5.1108698672652244e-08,5.2698903633840386e-08,6.383508874326944e-09,4.425412016637623e-08,2.9521186701934784e-08,4.8021530815083533e-08,2030.4089,0.26973772048950195
46,5.1108698672652244e-08,5.2698903633840386e-08,6.383508874326944e-09,4.425412016637623e-08,1.9408777477368714e-08,2.509051424153149e-08,1677.3572,0.23193129897117615
47,2.9374117519203575e-08,2.3113485641125593e-08,5.546575308777392e-09,5.323273392997682e-08,2.9521186701934784e-08,2.509051424153149e-08,1697.8611,0.023508304730057716
48,3.750689181376248e-08,2.4248588496260347e-08,4.49375416132994e-08,1.7555173202920705e-08,8.64491475816816e-09,3.3361654884871094e-08,1566.6892,0.23676832020282745
49,2.0601156733259558e-08,2.4248588496260347e-08,4.49375416132994e-08,1.7555173202920705e-08,8.64491475816816e-09,3.3361654884871094e-08,1310.4723,0.18483524024486542
50,3.750689181376248e-08,1.709424980925396e-08,4.49375416132994e-08,1.7555173202920705e-08,8.64491475816816e-09,3.3361654884871094e-08,1316.8036,0.1965489387512207
51,3.750689181376248e-08,2.4248588496260347e-08,1.8469375728257e-08,1.7555173202920705e-08,8.64491475816816e-09,3.3361654884871094e-08,1173.6647,0.1830444633960724
52,3.750689181376248e-08,2.4248588496260347e-08,4.49375416132994e-08,2.8225520322937518e-08,8.64491475816816e-09,3.3361654884871094e-08,1734.5396,0.2344583421945572
53,3.750689181376248e-08,2.4248588496260347e-08,4.49375416132994e-08,1.7555173202920705e-08,4.4709353091903025e-08,3.3361654884871094e-08,1630.9927,0.22788558900356293
54,3.750689181376248e-08,2.4248588496260347e-08,4.49375416132994e-08,1.7555173202920705e-08,8.64491475816816e-09,7.158584424015135e-09,1290.2042,0.1993379145860672
55,2.0601156733259558e-08,1.709424980925396e-08,1.8469375728257e-08,2.8225520322937518e-08,4.4709353091903025e-08,7.158584424015135e-09,1316.8553,0.19053636491298676
56,1.3867034385353327e-08,6.635012335181236e-08,2.3726765762660653e-08,3.885001574447378e-08,4.374681791476905e-08,1.8117124271076175e-08,1708.0034,0.23386424779891968
57,5.2403400432895866e-08,6.635012335181236e-08,2.3726765762660653e-08,3.885001574447378e-08,4.374681791476905e-08,1.8117124271076175e-08,1825.7144,0.02456846833229065
58,1.3867034385353327e-08,6.062532597780228e-08,2.3726765762660653e-08,3.885001574447378e-08,4.374681791476905e-08,1.8117124271076175e-08,1834.0161,0.2522306442260742
59,1.3867034385353327e-08,6.635012335181236e-08,3.128143443040549e-08,3.885001574447378e-08,4.374681791476905e-08,1.8117124271076175e-08,1838.0476,0.25659435987472534
60,1.3867034385353327e-08,6.635012335181236e-08,2.3726765762660653e-08,8.713314554523676e-09,4.374681791476905e-08,1.8117124271076175e-08,1624.5928,0.23287829756736755
61,1.3867034385353327e-08,6.635012335181236e-08,2.3726765762660653e-08,3.885001574447378e-08,1.6775582058914007e-08,1.8117124271076175e-08,1709.4375,0.25349393486976624
62,1.3867034385353327e-08,6.635012335181236e-08,2.3726765762660653e-08,3.885001574447378e-08,4.374681791476905e-08,5.419042715651914e-08,1823.689,0.25507599115371704
63,5.2403400432895866e-08,6.062532597780228e-08,3.128143443040549e-08,8.713314554523676e-09,1.6775582058914007e-08,5.419042715651914e-08,1730.1196,0.23223517835140228
64,8.44433380484581e-09,1.2901752132922411e-08,4.679960214823484e-08,4.7682192387618124e-08,3.3883937261253594e-09,2.4623752161916346e-08,1454.5625,0.0
65,1.3794465847499668e-08,1.2901752132922411e-08,4.679960214823484e-08,4.7682192387618124e-08,3.3883937261253594e-09,2.4623752161916346e-08,1674.5542,0.0
66,8.44433380484581e-09,4.8497287217713894e-08,4.679960214823484e-08,4.7682192387618124e-08,3.3883937261253594e-09,2.4623752161916346e-08,1719.9426,0.24847224354743958
67,8.44433380484581e-09,1.2901752132922411e-08,4.5473541541844604e-08,4.7682192387618124e-08,3.3883937261253594e-09,2.4623752161916346e-08,1392.5385,0.20791999995708466
68,8.44433380484581e-09,1.2901752132922411e-08,4.679960214823484e-08,4.0183645008374e-08,3.3883937261253594e-09,2.4623752161916346e-08,1614.1824,0.22356362640857697
69,8.44433380484581e-09,1.2901752132922411e-08,4.679960214823484e-08,4.7682192387618124e-08,1.8148140722401442e-08,2.4623752161916346e-08,1431.6514,0.21142956614494324
70,8.44433380484581e-09,1.2901752132922411e-08,4.679960214823484e-08,4.7682192387618124e-08,3.3883937261253594e-09,4.484678848750889e-08,1422.8843,0.2091643363237381
71,1.3794465847499668e-08,4.8497287217713894e-08,4.5473541541844604e-08,4.0183645008374e-08,1.8148140722401442e-08,4.484678848750889e-08,1697.3176,0.2446490079164505
72,3.9823427568115294e-08,4.231657853331417e-08,2.580383876733482e-08,8.825775163546204e-09,4.900289376180619e-08,4.028764418153092e-08,1671.2473,0.2519950866699219
73,3.16937425131537e-08,4.231657853331417e-08,2.580383876733482e-08,8.825775163546204e-09,4.900289376180619e-08,4.028764418153092e-08,1743.1221,0.2512008249759674
74,3.9823427568115294e-08,2.0496579898428173e-08,2.580383876733482e-08,8.825775163546204e-09,4.900289376180619e-08,4.028764418153092e-08,1248.5183,0.125889390707016
75,3.9823427568115294e-08,4.231657853331417e-08,3.4838804782554507e-09,8.825775163546204e-09,4.900289376180619e-08,4.028764418153092e-08,1483.7698,0.22150439023971558
76,3.9823427568115294e-08,4.231657853331417e-08,2.580383876733482e-08,7.28678069351241e-09,4.900289376180619e-08,4.028764418153092e-08,1540.2911,0.22906212508678436
77,3.9823427568115294e-08,4.231657853331417e-08,2.580383876733482e-08,8.825775163546204e-09,4.608059997636824e-08,4.028764418153092e-08,1706.1682,0.24340184032917023
78,3.9823427568115294e-08,4.231657853331417e-08,2.580383876733482e-08,8.825775163546204e-09,4.900289376180619e-08,9.417368440777062e-09,1314.8811,0.18084600567817688
79,3.16937425131537e-08,2.0496579898428173e-08,3.4838804782554507e-09,7.28678069351241e-09,4.608059997636824e-08,9.417368440777062e-09,1135.8662,0.09078098833560944
80,5.245635444119572e-08,3.573514808658511e-08,3.491332662308588e-08,3.5414020582903175e-08,3.224315333254635e-08,5.4843837097827345e-08,1695.5884,0.0
81,1.6615884748473766e-08,3.573514808658511e-08,3.491332662308588e-08,3.5414020582903175e-08,3.224315333254635e-08,5.4843837097827345e-08,1697.5059,0.25210878252983093
82,5.245635444119572e-08,1.089091708427295e-08,3.491332662308588e-08,3.5414020582903175e-08,3.224315333254635e-08,5.4843837097827345e-08,1767.634,0.23773115873336792
83,5.245635444119572e-08,3.573514808658511e-08,1.6191654080413284e-08,3.5414020582903175e-08,3.224315333254635e-08,5.4843837097827345e-08,1640.5283,0.22765061259269714
84,5.245635444119572e-08,3.573514808658511e-08,3.491332662308588e-08,2.3665250654034317e-08,3.224315333254635e-08,5.4843837097827345e-08,1589.79,0.19404639303684235
85,5.245635444119572e-08,3.573514808658511e-08,3.491332662308588e-08,3.5414020582903175e-08,3.460494202999398e-08,5.4843837097827345e-08,1881.073,0.25307855010032654
86,5.245635444119572e-08,3.573514808658511e-08,3.491332662308588e-08,3.5414020582903175e-08,3.224315333254635e-08,1.5527750778030604e-08,1855.5674,0.2528071403503418
87,1.6615884748473766e-08,1.089091708427295e-08,1.6191654080413284e-08,2.3665250654034317e-08,3.460494202999398e-08,1.5527750778030604e-08,1241.168,0.03519245609641075
88,2.193773586023599e-08,5.465572952888906e-08,1.1029513876326382e-09,2.09764239682816e-08,2.788831415127963e-08,1.2055690096933394e-08,1704.2708,0.2694702446460724
89,4.9936018289607014e-08,5.465572952888906e-08,1.1029513876326382e-09,2.09764239682816e-08,2.788831415127963e-08,1.2055690096933394e-08,1594.1201,0.2437993735074997
90,2.193773586023599e-08,5.359020989667624e-08,1.1029513876326382e-09,2.09764239682816e-08,2.788831415127963e-08,1.2055690096933394e-08,1526.8832,0.19525374472141266
91,2.193773586023599e-08,5.465572952888906e-08,3.265906701415777e-08,2.09764239682816e-08,2.788831415127963e-08,1.2055690096933394e-08,1609.8049,0.1905164122581482
92,2.193773586023599e-08,5.465572952888906e-08,1.1029513876326382e-09,4.4558359435275196e-08,2.788831415127963e-08,1.2055690096933394e-08,1676.2808,0.23199497163295746
93,2.193773586023599e-08,5.465572952888906e-08,1.1029513876326382e-09,2.09764239682816e-08,5.797604874949903e-09,1.2055690096933394e-08,1695.0,0.2776239514350891
94,2.193773586023599e-08,5.465572952888906e-08,1.1029513876326382e-09,2.09764239682816e-08,2.788831415127963e-08,3.54847897288762e-08,1549.2664,0.1950598657131195
95,4.9936018289607014e-08,5.359020989667624e-08,3.265906701415777e-08,4.4558359435275196e-08,5.797604874949903e-09,3.54847897288762e-08,1811.0505,0.2562675476074219
96,1.784736168060452e-08,1.844993643453345e-08,2.0849483009818944e-08,2.657481746716425e-08,1.5992413498796525e-08,1.5910789278931918e-08,1291.4927,0.12373848259449005
97,2.6574217379502954e-08,1.844993643453345e-08,2.0849483009818944e-08,2.657481746716425e-08,1.5992413498796525e-08,1.5910789278931918e-08,1289.8068,0.13747532665729523
98,1.784736168060452e-08,6.062858724035323e-10,2.0849483009818944e-08,2.657481746716425e-08,1.5992413498796525e-08,1.5910789278931918e-08,1086.0214,0.06086639687418938
99,1.784736168060452e-08,1.844993643453345e-08,2.235133911980316e-08,2.657481746716425e-08,1.5992413498796525e-08,1.5910789278931918e-08,1501.2357,0.22108033299446106
100,1.784736168060452e-08,1.844993643453345e-08,2.0849483009818944e-08,1.2496469472255557e-08,1.5992413498796525e-08,1.5910789278931918e-08,1098.332,0.08407078683376312
101,1.784736168060452e-08,1.844993643453345e-08,2.0849483009818944e-08,2.657481746716425e-08,4.054841693514958e-08,1.5910789278931918e-08,1320.7004,0.16197103261947632
102,1.784736168060452e-08,1.844993643453345e-08,2.0849483009818944e-08,2.657481746716425e-08,1.5992413498796525e-08,2.987148652913049e-08,1396.5908,0.2608165740966797
103,2.6574217379502954e-08,6.062858724035323e-10,2.235133911980316e-08,1.2496469472255557e-08,4.054841693514958e-08,2.987148652913049e-08,971.9054,0.043991588056087494
104,4.2348534239828586e-08,6.994367622407154e-08,5.476615046964958e-08,2.8956746738050132e-08,3.591535388126969e-08,3.116209154199808e-08,1868.3499,0.25841450691223145
105,4.6420593473482876e-08,6.994367622407154e-08,5.476615046964958e-08,2.8956746738050132e-08,3.591535388126969e-08,3.116209154199808e-08,1875.6252,0.2584635317325592
106,4.2348534239828586e-08,6.39515820901841e-08,5.476615046964958e-08,2.8956746738050132e-08,3.591535388126969e-08,3.116209154199808e-08,1852.4412,0.2573834955692291
107,4.2348534239828586e-08,6.994367622407154e-08,4.026778927871957e-08,2.8956746738050132e-08,3.591535388126969e-08,3.116209154199808e-08,1999.6101,0.2672574818134308
108,4.2348534239828586e-08,6.994367622407154e-08,5.476615046964958e-08,3.164250975364819e-08,3.591535388126969e-08,3.116209154199808e-08,1882.4214,0.2595992386341095
109,4.2348534239828586e-08,6.994367622407154e-08,5.476615046964958e-08,2.8956746738050132e-08,1.3475620585326105e-08,3.116209154199808e-08,1883.1697,0.2726384401321411
110,4.2348534239828586e-08,6.994367622407154e-08,5.476615046964958e-08,2.8956746738050132e-08,3.591535388126969e-08,2.4465644973609598e-08,2034.9392,0.2674286961555481
111,4.6420593473482876e-08,6.39515820901841e-08,4.026778927871957e-08,3.164250975364819e-08,1.3475620585326105e-08,2.4465644973609598e-08,1730.719,0.2295941561460495
112,2.9298304224200548e-08,5.8990800761617726e-09,9.497330800592898e-09,6.423042479157448e-10,4.667395493183285e-08,4.419657139584422e-08,703.8622,0.26254144310951233
113,3.6085129106044766e-09,5.8990800761617726e-09,9.497330800592898e-09,6.423042479157448e-10,4.667395493183285e-08,4.419657139584422e-08,313.042,0.023900797590613365
114,2.9298304224200548e-08,3.8118665607273576e-08,9.497330800592898e-09,6.423042479157448e-10,4.667395493183285e-08,4.419657139584422e-08,1550.4905,0.24636344611644745
115,2.9298304224200548e-08,5.8990800761617726e-09,5.507031656587496e-08,6.423042479157448e-10,4.667395493183285e-08,4.419657139584422e-08,669.0582,0.02656746655702591
116,2.9298304224200548e-08,5.8990800761617726e-09,9.497330800592898e-09,4.9661634650081396e-08,4.667395493183285e-08,4.419657139584422e-08,1628.8015,0.2231876105070114
117,2.9298304224200548e-08,5.8990800761617726e-09,9.497330800592898e-09,6.423042479157448e-10,2.6052795568928124e-08,4.419657139584422e-08,675.2645,0.17271503806114197
118,2.9298304224200548e-08,5.8990800761617726e-09,9.497330800592898e-09,6.423042479157448e-10,4.667395493183285e-08,1.1611666546389461e-09,269.30743,0.026838645339012146
119,3.6085129106044766e-09,3.8118665607273576e-08,5.507031656587496e-08,4.9661634650081396e-08,2.6052795568928124e-08,1.1611666546389461e-09,1644.74,0.2409306764602661
120,5.657605617493391e-09,4.68980355094187e-08,3.038425464622676e-08,5.500678131755441e-08,1.2973884222358464e-08,9.958461164683103e-10,1758.3765,0.26614853739738464
121,3.543657775050029e-08,4.68980355094187e-08,3.038425464622676e-08,5.500678131755441e-08,1.2973884222358464e-08,9.958461164683103e-10,1668.7148,0.022485077381134033
122,5.657605617493391e-09,3.0763962220121176e-08,3.038425464622676e-08,5.500678131755441e-08,1.2973884222358464e-08,9.958461164683103e-10,1754.7498,0.2395920604467392
123,5.657605617493391e-09,4.68980355094187e-08,7.655563589613885e-09,5.500678131755441e-08,1.2973884222358464e-08,9.958461164683103e-10,1717.8438,0.24859163165092468
124,5.657605617493391e-09,4.68980355094187e-08,3.038425464622676e-08,1.501602685753256e-08,1.2973884222358464e-08,9.958461164683103e-10,1495.8835,0.23688438534736633
125,5.657605617493391e-09,4.68980355094187e-08,3.038425464622676e-08,5.500678131755441e-08,5.2281042348667974e-08,9.958461164683103e-10,1912.6707,0.2636650502681732
126,5.657605617493391e-09,4.68980355094187e-08,3.038425464622676e-08,5.500678131755441e-08,1.2973884222358464e-08,4.955001895997673e-08,1711.834,0.25157707929611206
127,3.543657775050029e-08,3.0763962220121176e-08,7.655563589613885e-09,1.501602685753256e-08,5.2281042348667974e-08,4.955001895997673e-08,1749.0027,0.24055172502994537
128,6.2892562705464665e-09,9.27512517021969e-09,2.6449120700359345e-08,1.4971524600479752e-08,2.9216820149477573e-08,2.911220474762842e-08,929.9281,0.03708673268556595
129,4.441548348741605e-08,9.27512517021969e-09,2.6449120700359345e-08,1.4971524600479752e-08,2.9216820149477573e-08,2.911220474762842e-08,1194.5302,0.030910754576325417
130,6.2892562705464665e-09,3.802007787944749e-08,2.6449120700359345e-08,1.4971524600479752e-08,2.9216820149477573e-08,2.911220474762842e-08,1668.4612,0.238707035779953
131,6.2892562705464665e-09,9.27512517021969e-09,1.582927386276424e-09,1.4971524600479752e-08,2.9216820149477573e-08,2.911220474762842e-08,880.588,0.1503066122531891
132,6.2892562705464665e-09,9.27512517021969e-09,2.6449120700359345e-08,5.4042412109374996e-08,2.9216820149477573e-08,2.911220474762842e-08,1731.5686,0.2329183965921402
133,6.2892562705464665e-09,9.27512517021969e-09,2.6449120700359345e-08,1.4971524600479752e-08,5.536600698113441e-08,2.911220474762842e-08,835.21313,0.31985244154930115
134,6.2892562705464665e-09,9.27512517021969e-09,2.6449120700359345e-08,1.4971524600479752e-08,2.9216820149477573e-08,3.317207237878814e-08,1080.4363,0.06867451965808868
135,4.441548348741605e-08,3.802007787944749e-08,1.582927386276424e-09,5.4042412109374996e-08,5.536600698113441e-08,3.317207237878814e-08,2026.1389,0.2661955952644348
136,2.9929322968702764e-08,4.5873657499905674e-08,4.744382522962987e-08,4.141599181396886e-08,2.3120764847490937e-08,1.688616989841685e-08,1823.8657,0.2602401673793793
137,2.127832606714219e-08,4.5873657499905674e-08,4.744382522962987e-08,4.141599181396886e-08,2.3120764847490937e-08,1.688616989841685e-08,1827.6489,0.2515791356563568
138,2.9929322968702764e-08,2.7694387284666304e-08,4.744382522962987e-08,4.141599181396886e-08,2.3120764847490937e-08,1.688616989841685e-08,1685.9775,0.23082447052001953
139,2.9929322968702764e-08,4.5873657499905674e-08,4.7281200909763575e-08,4.141599181396886e-08,2.3120764847490937e-08,1.688616989841685e-08,1713.4944,0.2436467707157135
140,2.9929322968702764e-08,4.5873657499905674e-08,4.744382522962987e-08,2.0722461961098017e-08,2.3120764847490937e-08,1.688616989841685e-08,1745.6382,0.248421311378479
141,2.9929322968702764e-08,4.5873657499905674e-08,4.744382522962987e-08,4.141599181396886e-08,2.6560849018990995e-08,1.688616989841685e-08,1742.2976,0.2477060705423355
142,2.9929322968702764e-08,4.5873657499905674e-08,4.744382522962987e-08,4.141599181396886e-08,2.3120764847490937e-08,2.7835178338605912e-08,1713.8599,0.2477360963821411
143,2.127832606714219e-08,2.7694387284666304e-08,4.7281200909763575e-08,2.0722461961098017e-08,2.6560849018990995e-08,2.7835178338605912e-08,1397.7462,0.21703366935253143
144,4.512961844669655e-08,2.1683571450691673e-08,3.897478306237608e-09,1.311195193644613e-08,6.3828114280663435e-09,2.599521540571004e-09,1491.066,0.5137794017791748
145,4.0786507799681276e-08,2.1683571450691673e-08,3.897478306237608e-09,1.311195193644613e-08,6.3828114280663435e-09,2.599521540571004e-09,1027.7317,0.25307318568229675
146,4.512961844669655e-08,4.797801280394197e-09,3.897478306237608e-09,1.311195193644613e-08,6.3828114280663435e-09,2.599521540571004e-09,776.8092,0.055950164794921875
147,4.512961844669655e-08,2.1683571450691673e-08,3.4305272620022297e-08,1.311195193644613e-08,6.3828114280663435e-09,2.599521540571004e-09,1083.6566,0.0
148,4.512961844669655e-08,2.1683571450691673e-08,3.897478306237608e-09,9.591102350410073e-09,6.3828114280663435e-09,2.599521540571004e-09,1016.94995,0.2507581412792206
149,4.512961844669655e-08,2.1683571450691673e-08,3.897478306237608e-09,1.311195193644613e-08,1.167153602020815e-08,2.599521540571004e-09,1102.0623,0.200562983751297
150,4.512961844669655e-08,2.1683571450691673e-08,3.897478306237608e-09,1.311195193644613e-08,6.3828114280663435e-09,4.743445981182159e-09,1218.8942,0.0
151,4.0786507799681276e-08,4.797801280394197e-09,3.4305272620022297e-08,9.591102350410073e-09,1.167153602020815e-08,4.743445981182159e-09,586.31665,0.05525926873087883
152,2.062739748908207e-08,6.877692184904591e-08,3.770679469006136e-08,4.339982838243246e-08,5.369484534302726e-08,4.1948027351591734e-08,1919.8247,0.2639472782611847
153,5.559780926704407e-09,6.877692184904591e-08,3.770679469006136e-08,4.339982838243246e-08,5.369484534302726e-08,4.1948027351591734e-08,1877.0786,0.2587772607803345
154,2.062739748908207e-08,6.517211108068005e-08,3.770679469006136e-08,4.339982838243246e-08,5.369484534302726e-08,4.1948027351591734e-08,1908.5449,0.26126134395599365
155,2.062739748908207e-08,6.877692184904591e-08,1.4665607432983815e-08,4.339982838243246e-08,5.369484534302726e-08,4.1948027351591734e-08,2042.0391,0.2713044583797455
156,2.062739748908207e-08,6.877692184904591e-08,3.770679469006136e-08,3.090737608173862e-08,5.369484534302726e-08,4.1948027351591734e-08,1861.7075,0.25689828395843506
157,2.062739748908207e-08,6.877692184904591e-08,3.770679469006136e-08,4.339982838243246e-08,3.960533164905384e-08,4.1948027351591734e-08,2036.49,0.2721813917160034
158,2.062739748908207e-08,6.877692184904591e-08,3.770679469006136e-08,4.339982838243246e-08,5.369484534302726e-08,5.3066079271547496e-08,1891.8096,0.2614915370941162
159,5.559780926704407e-09,6.517211108068005e-08,1.4665607432983815e-08,3.090737608173862e-08,3.960533164905384e-08,5.3066079271547496e-08,1686.4236,0.2349187433719635
160,2.4288770736735314e-08,3.25004674596712e-08,5.240276555234566e-08,4.8978204543367026e-08,4.197358183177188e-08,3.889888427849859e-08,1727.1221,0.2416236400604248
161,2.991714443275705e-08,3.25004674596712e-08,5.240276555234566e-08,4.8978204543367026e-08,4.197358183177188e-08,3.889888427849859e-08,1752.5469,0.24351300299167633
162,2.4288770736735314e-08,1.2222822188399732e-08,5.240276555234566e-08,4.8978204543367026e-08,4.197358183177188e-08,3.889888427849859e-08,1766.0266,0.24595724046230316
163,2.4288770736735314e-08,3.25004674596712e-08,3.873214368829503e-08,4.8978204543367026e-08,4.197358183177188e-08,3.889888427849859e-08,1793.6597,0.024721616879105568
164,2.4288770736735314e-08,3.25004674596712e-08,5.240276555234566e-08,2.5932332339249553e-08,4.197358183177188e-08,3.889888427849859e-08,1497.8298,0.199433371424675
165,2.4288770736735314e-08,3.25004674596712e-08,5.240276555234566e-08,4.8978204543367026e-08,5.445964676048607e-09,3.889888427849859e-08,1682.3113,0.22953680157661438
166,2.4288770736735314e-08,3.25004674596712e-08,5.240276555234566e-08,4.8978204543367026e-08,4.197358183177188e-08,4.842356941029429e-08,1816.3469,0.02755584567785263
167,2.991714443275705e-08,1.2222822188399732e-08,3.873214368829503e-08,2.5932332339249553e-08,5.445964676048607e-09,4.842356941029429e-08,1290.8633,0.13030149042606354
168,5.480675863893702e-08,5.582359588593245e-08,1.8484612912703308e-08,6.674748720563949e-09,9.98783577306196e-09,2.7087224845029415e-08,1685.0085,0.26934581995010376
169,8.26995768714696e-09,5.582359588593245e-08,1.8484612912703308e-08,6.674748720563949e-09,9.98783577306196e-09,2.7087224845029415e-08,1525.2189,0.26190659403800964
170,5.480675863893702e-08,5.789313539406285e-08,1.8484612912703308e-08,6.674748720563949e-09,9.98783577306196e-09,2.7087224845029415e-08,1517.9799,0.010897541418671608
171,5.480675863893702e-08,5.582359588593245e-08,2.3980278434287758e-08,6.674748720563949e-09,9.98783577306196e-09,2.7087224845029415e-08,1685.2544,0.02636932209134102
172,5.480675863893702e-08,5.582359588593245e-08,1.8484612912703308e-08,4.5501515024527904e-08,9.98783577306196e-09,2.7087224845029415e-08,1715.2292,0.19542834162712097
173,5.480675863893702e-08,5.582359588593245e-08,1.8484612912703308e-08,6.674748720563949e-09,3.167208801349625e-08,2.7087224845029415e-08,1670.8745,0.24448926746845245
174,5.480675863893702e-08,5.582359588593245e-08,1.8484612912703308e-08,6.674748720563949e-09,9.98783577306196e-09,1.2925412552729248e-08,1668.5935,0.25128373503685
175,8.26995768714696e-09,5.789313539406285e-08,2.3980278434287758e-08,4.5501515024527904e-08,3.167208801349625e-08,1.2925412552729248e-08,1740.5408,0.2516690194606781
176,4.0885132880639285e-08,9.524662481620908e-09,2.93103747433424e-08,3.326623402914032e-08,2.075154128374532e-08,1.3890661370232701e-08,1263.1217,0.10557378828525543
177,5.551393553284928e-08,9.524662481620908e-09,2.93103747433424e-08,3.326623402914032e-08,2.075154128374532e-08,1.3890661370232701e-08,1513.4979,0.2109040468931198
178,4.0885132880639285e-08,4.528179572103545e-08,2.93103747433424e-08,3.326623402914032e-08,2.075154128374532e-08,1.3890661370232701e-08,1853.5452,0.25622448325157166
179,4.0885132880639285e-08,9.524662481620908e-09,9.44690114704892e-09,3.326623402914032e-08,2.075154128374532e-08,1.3890661370232701e-08,1270.2683,0.17710033059120178
180,4.0885132880639285e-08,9.524662481620908e-09,2.93103747433424e-08,3.601041722597554e-08,2.075154128374532e-08,1.3890661370232701e-08,1511.476,0.21868862211704254
181,4.0885132880639285e-08,9.524662481620908e-09,2.93103747433424e-08,3.326623402914032e-08,4.771657022144645e-08,1.3890661370232701e-08,1313.8998,0.18364915251731873
182,4.0885132880639285e-08,9.524662481620908e-09,2.93103747433424e-08,3.326623402914032e-08,2.075154128374532e-08,1.8823734332975003e-08,1301.5214,0.1594369113445282
183,5.551393553284928e-08,4.528179572103545e-08,9.44690114704892e-09,3.601041722597554e-08,4.771657022144645e-08,1.8823734332975003e-08,1620.1926,0.23632434010505676
184,9.50499194877222e-09,4.334206957835704e-08,8.421965717896818e-09,2.2262453690636903e-08,3.895005631698295e-08,5.365352783948183e-08,1737.1624,0.24442973732948303
185,1.8338850743547082e-08,4.334206957835704e-08,8.421965717896818e-09,2.2262453690636903e-08,3.895005631698295e-08,5.365352783948183e-08,1804.1521,0.25437673926353455
186,9.50499194877222e-09,2.025210905838758e-08,8.421965717896818e-09,2.2262453690636903e-08,3.895005631698295e-08,5.365352783948183e-08,1319.6304,0.15867845714092255
187,9.50499194877222e-09,4.334206957835704e-08,5.315882005000487e-08,2.2262453690636903e-08,3.895005631698295e-08,5.365352783948183e-08,1507.2645,0.17592179775238037
188,9.50499194877222e-09,4.334206957835704e-08,8.421965717896818e-09,9.416928551904857e-10,3.895005631698295e-08,5.365352783948183e-08,1190.315,0.00043329739128239453
189,9.50499194877222e-09,4.334206957835704e-08,8.421965717896818e-09,2.2262453690636903e-08,2.064248668845743e-08,5.365352783948183e-08,1674.1626,0.2204238623380661
190,9.50499194877222e-09,4.334206957835704e-08,8.421965717896818e-09,2.2262453690636903e-08,3.895005631698295e-08,3.884552228642627e-08,1753.7976,0.2561151087284088
191,1.8338850743547082e-08,2.025210905838758e-08,5.315882005000487e-08,9.416928551904857e-10,2.064248668845743e-08,3.884552228642627e-08,1051.9294,0.06798110902309418
192,1.1488937610108405e-08,2.527712208423764e-08,3.48093113601394e-08,3.2184994859248397e-09,2.6008455644529313e-08,4.6619251184538005e-08,1146.1968,0.10612393915653229
193,3.481083486849442e-08,2.527712208423764e-08,3.48093113601394e-08,3.2184994859248397e-09,2.6008455644529313e-08,4.6619251184538005e-08,1542.1644,0.2231793850660324
194,1.1488937610108405e-08,1.4855910667032004e-08,3.48093113601394e-08,3.2184994859248397e-09,2.6008455644529313e-08,4.6619251184538005e-08,843.71375,0.07136327773332596
195,1.1488937610108405e-08,2.527712208423764e-08,3.7354409441668535e-08,3.2184994859248397e-09,2.6008455644529313e-08,4.6619251184538005e-08,1166.0223,0.11552943289279938
196,1.1488937610108405e-08,2.527712208423764e-08,3.48093113601394e-08,3.41599163849838e-08,2.6008455644529313e-08,4.6619251184538005e-08,1663.8911,0.2259972244501114
197,1.1488937610108405e-08,2.527712208423764e-08,3.48093113601394e-08,3.2184994859248397e-09,1.5140916624031962e-08,4.6619251184538005e-08,1143.5366,0.09371410310268402
198,1.1488937610108405e-08,2.527712208423764e-08,3.48093113601394e-08,3.2184994859248397e-09,2.6008455644529313e-08,2.9282755850926043e-08,958.74817,0.09229586273431778
199,3.481083486849442e-08,1.4855910667032004e-08,3.7354409441668535e-08,3.41599163849838e-08,1.5140916624031962e-08,2.9282755850926043e-08,1612.5391,0.0
200,3.5129845486562695e-08,6.29782675486058e-08,1.3706096470151096e-08,5.2419709381796414e-08,3.369437420861795e-08,7.277398962676526e-09,1764.5054,0.2722102701663971
201,1.1538300623334944e-08,6.29782675486058e-08,1.3706096470151096e-08,5.2419709381796414e-08,3.369437420861795e-08,7.277398962676526e-09,1775.0754,0.02253015711903572
202,3.5129845486562695e-08,5.969659810932353e-08,1.3706096470151096e-08,5.2419709381796414e-08,3.369437420861795e-08,7.277398962676526e-09,1780.6807,0.2551255524158478
203,3.5129845486562695e-08,6.29782675486058e-08,2.6257891860362143e-08,5.2419709381796414e-08,3.369437420861795e-08,7.277398962676526e-09,1806.947,0.251937597990036
204,3.5129845486562695e-08,6.29782675486058e-08,1.3706096470151096e-08,1.3323784520607441e-08,3.369437420861795e-08,7.277398962676526e-09,1726.3918,0.24411913752555847
205,3.5129845486562695e-08,6.29782675486058e-08,1.3706096470151096e-08,5.2419709381796414e-08,4.2213688377998766e-08,7.277398962676526e-09,1728.2722,0.23787587881088257
206,3.5129845486562695e-08,6.29782675486058e-08,1.3706096470151096e-08,5.2419709381796414e-08,3.369437420861795e-08,2.1729794391840698e-08,1819.7742,0.2647016644477844
207,1.1538300623334944e-08,5.969659810932353e-08,2.6257891860362143e-08,1.3323784520607441e-08,4.2213688377998766e-08,2.1729794391840698e-08,1608.707,0.015958186239004135
208,5.0020351230669766e-08,3.474254807084799e-09,5.0537131751850244e-08,2.5724002307560297e-08,5.045395701942965e-08,1.9938756596408785e-08,1183.095,0.1776971071958542
209,5.047248466832563e-08,3.474254807084799e-09,5.0537131751850244e-08,2.5724002307560297e-08,5.045395701942965e-08,1.9938756596408785e-08,1201.1602,0.1258716732263565
210,5.0020351230669766e-08,5.2333095064852386e-08,5.0537131751850244e-08,2.5724002307560297e-08,5.045395701942965e-08,1.9938756596408785e-08,1589.7349,0.22300398349761963
211,5.0020351230669766e-08,3.474254807084799e-09,1.1509697640445083e-08,2.5724002307560297e-08,5.045395701942965e-08,1.9938756596408785e-08,1345.7891,0.19715002179145813
212,5.0020351230669766e-08,3.474254807084799e-09,5.0537131751850244e-08,1.7681924824528398e-08,5.045395701942965e-08,1.9938756596408785e-08,931.0188,0.2619399130344391
213,5.0020351230669766e-08,3.474254807084799e-09,5.0537131751850244e-08,2.5724002307560297e-08,2.987497206946835e-08,1.9938756596408785e-08,1243.27,0.04197289049625397
214,5.0020351230669766e-08,3.474254807084799e-09,5.0537131751850244e-08,2.5724002307560297e-08,5.045395701942965e-08,3.5817637379281222e-09,1163.0743,0.08467471599578857
215,5.047248466832563e-08,5.2333095064852386e-08,1.1509697640445083e-08,1.7681924824528398e-08,2.987497206946835e-08,3.5817637379281222e-09,1617.1516,0.23402340710163116
216,2.551896817190573e-08,4.946080962773412e-08,1.6404383132308722e-08,2.981680625038221e-08,1.507958241570741e-09,3.218489158961922e-08,1556.2776,0.25384703278541565
217,1.5218268236145378e-08,4.946080962773412e-08,1.6404383132308722e-08,2.981680625038221e-08,1.507958241570741e-09,3.218489158961922e-08,1538.0963,0.25049132108688354
218,2.551896817190573e-08,2.647378211207688e-08,1.6404383132308722e-08,2.981680625038221e-08,1.507958241570741e-09,3.218489158961922e-08,1552.5393,0.2205149382352829
219,2.551896817190573e-08,4.946080962773412e-08,5.1996112620700146e-08,2.981680625038221e-08,1.507958241570741e-09,3.218489158961922e-08,1714.3662,0.2421538382768631
220,2.551896817190573e-08,4.946080962773412e-08,1.6404383132308722e-08,5.052851500339806e-08,1.507958241570741e-09,3.218489158961922e-08,1890.5642,0.2652682960033417
221,2.551896817190573e-08,4.946080962773412e-08,1.6404383132308722e-08,2.981680625038221e-08,3.6466974144242703e-09,3.218489158961922e-08,1760.4668,0.24590198695659637
222,2.551896817190573e-08,4.946080962773412e-08,1.6404383132308722e-08,2.981680625038221e-08,1.507958241570741e-09,5.068234410112723e-08,1806.4121,0.2649560570716858
223,1.5218268236145378e-08,2.647378211207688e-08,5.1996112620700146e-08,5.052851500339806e-08,3.6466974144242703e-09,5.068234410112723e-08,1665.1577,0.023426419124007225
224,1.5840913013797255e-08,1.5325159374717623e-08,5.309612984135747e-09,3.80010900590755e-08,1.163138307923451e-08,4.888155978756025e-08,1381.8749,0.21637636423110962
225,4.760657739670947e-08,1.5325159374717623e-08,5.309612984135747e-09,3.80010900590755e-08,1.163138307923451e-08,4.888155978756025e-08,1559.7383,0.0
226,1.5840913013797255e-08,4.4223983451630924e-08,5.309612984135747e-09,3.80010900590755e-08,1.163138307923451e-08,4.888155978756025e-08,1625.2034,0.23586547374725342
227,1.5840913013797255e-08,1.5325159374717623e-08,7.284290619231761e-09,3.80010900590755e-08,1.163138307923451e-08,4.888155978756025e-08,1660.793,0.2406642585992813
228,1.5840913013797255e-08,1.5325159374717623e-08,5.309612984135747e-09,4.778604477252812e-09,1.163138307923451e-08,4.888155978756025e-08,1224.1056,0.17268787324428558
229,1.5840913013797255e-08,1.5325159374717623e-08,5.309612984135747e-09,3.80010900590755e-08,3.7537841651309276e-08,4.888155978756025e-08,1583.0872,0.23064850270748138
230,1.5840913013797255e-08,1.5325159374717623e-08,5.309612984135747e-09,3.80010900590755e-08,1.163138307923451e-08,4.242618494780734e-08,1387.9885,0.2137823849916458
231,4.760657739670947e-08,4.4223983451630924e-08,7.284290619231761e-09,4.778604477252812e-09,3.7537841651309276e-08,4.242618494780734e-08,1730.427,0.2604261636734009
232,4.635974209429696e-08,3.975521822823212e-08,3.9333757368773216e-08,1.8400226270686837e-08,4.844761088659987e-08,9.098606292102486e-09,1339.0084,0.11039205640554428
233,2.6255955602787436e-08,3.975521822823212e-08,3.9333757368773216e-08,1.8400226270686837e-08,4.844761088659987e-08,9.098606292102486e-09,1625.28,0.22245115041732788
234,4.635974209429696e-08,3.473000931497663e-08,3.9333757368773216e-08,1.8400226270686837e-08,4.844761088659987e-08,9.098606292102486e-09,1431.4061,0.024067537859082222
235,4.635974209429696e-08,3.975521822823212e-08,4.2453061506524676e-08,1.8400226270686837e-08,4.844761088659987e-08,9.098606292102486e-09,1491.2222,0.2228318750858307
236,4.635974209429696e-08,3.975521822823212e-08,3.9333757368773216e-08,3.93739647793211e-08,4.844761088659987e-08,9.098606292102486e-09,1667.6743,0.2482048124074936
237,4.635974209429696e-08,3.975521822823212e-08,3.9333757368773216e-08,1.8400226270686837e-08,9.605357801485806e-09,9.098606292102486e-09,1480.4008,0.22205354273319244
238,4.635974209429696e-08,3.975521822823212e-08,3.9333757368773216e-08,1.8400226270686837e-08,4.844761088659987e-08,8.285036843214183e-09,1597.7463,0.025191383436322212
239,2.6255955602787436e-08,3.473000931497663e-08,4.2453061506524676e-08,3.93739647793211e-08,9.605357801485806e-09,8.285036843214183e-09,1598.8948,0.23024621605873108
240,3.1913404727112497e-08,2.8907083807792517e-08,2.13633648580499e-08,4.682212877597659e-08,3.768874768519774e-08,2.4135382366012783e-08,1765.7131,0.25498491525650024
241,3.747451869597658e-08,2.8907083807792517e-08,2.13633648580499e-08,4.682212877597659e-08,3.768874768519774e-08,2.4135382366012783e-08,1615.9253,0.22925888001918793
242,3.1913404727112497e-08,6.582417717762292e-09,2.13633648580499e-08,4.682212877597659e-08,3.768874768519774e-08,2.4135382366012783e-08,1238.228,0.19717562198638916
243,3.1913404727112497e-08,2.8907083807792517e-08,2.9691950149461626e-08,4.682212877597659e-08,3.768874768519774e-08,2.4135382366012783e-08,1785.0854,0.25025632977485657
244,3.1913404727112497e-08,2.8907083807792517e-08,2.13633648580499e-08,4.187650162681937e-08,3.768874768519774e-08,2.4135382366012783e-08,1760.4663,0.030110862106084824
245,3.1913404727112497e-08,2.8907083807792517e-08,2.13633648580499e-08,4.682212877597659e-08,2.1326189911663532e-08,2.4135382366012783e-08,1794.4846,0.2432350367307663
246,3.1913404727112497e-08,2.8907083807792517e-08,2.13633648580499e-08,4.682212877597659e-08,3.768874768519774e-08,1.6116474794857206e-08,1812.697,0.24822521209716797
247,3.747451869597658e-08,6.582417717762292e-09,2.9691950149461626e-08,4.187650162681937e-08,2.1326189911663532e-08,1.6116474794857206e-08,1566.8086,0.22476916015148163
248,5.341016940958799e-10,6.162201261939481e-08,4.2572687503490594e-08,9.676586223840713e-09,1.4649230025615542e-08,3.594037509253248e-08,1516.5635,0.22655296325683594
249,7.03046585470438e-10,6.162201261939481e-08,4.2572687503490594e-08,9.676586223840713e-09,1.4649230025615542e-08,3.594037509253248e-08,1560.375,0.18128009140491486
250,5.341016940958799e-10,6.7788443449419e-08,4.2572687503490594e-08,9.676586223840713e-09,1.4649230025615542e-08,3.594037509253248e-08,1782.3606,0.23545314371585846
251,5.341016940958799e-10,6.162201261939481e-08,2.0151943848617374e-08,9.676586223840713e-09,1.4649230025615542e-08,3.594037509253248e-08,1431.5859,0.34651243686676025
252,5.341016940958799e-10,6.162201261939481e-08,4.2572687503490594e-08,2.278746490780264e-08,1.4649230025615542e-08,3.594037509253248e-08,1692.1572,0.022824564948678017
253,5.341016940958799e-10,6.162201261939481e-08,4.2572687503490594e-08,9.676586223840713e-09,5.0133499191403386e-08,3.594037509253248e-08,1711.3452,0.2397758662700653
254,5.341016940958799e-10,6.162201261939481e-08,4.2572687503490594e-08,9.676586223840713e-09,1.4649230025615542e-08,3.822063364926725e-08,1693.573,0.23926232755184174
255,7.03046585470438e-10,6.7788443449419e-08,2.0151943848617374e-08,2.278746490780264e-08,5.0133499191403386e-08,3.822063364926725e-08,1880.322,0.0
256,1.829106751997024e-09,1.807594299837947e-08,3.636337909348309e-08,2.1533275085557253e-08,4.5189155689757314e-08,3.266105195103213e-08,1169.346,0.07306671142578125
257,4.142698529079556e-08,1.807594299837947e-08,3.636337909348309e-08,2.1533275085557253e-08,4.5189155689757314e-08,3.266105195103213e-08,1590.1475,0.2352655977010727
258,1.829106751997024e-09,5.8686609758157286e-08,3.636337909348309e-08,2.1533275085557253e-08,4.5189155689757314e-08,3.266105195103213e-08,1798.334,0.2551194429397583
259,1.829106751997024e-09,1.807594299837947e-08,4.8568078164346514e-08,2.1533275085557253e-08,4.5189155689757314e-08,3.266105195103213e-08,1156.9592,0.10572116076946259
260,1.829106751997024e-09,1.807594299837947e-08,3.636337909348309e-08,4.6321320445425806e-08,4.5189155689757314e-08,3.266105195103213e-08,1430.8921,0.21639549732208252
261,1.829106751997024e-09,1.807594299837947e-08,3.636337909348309e-08,2.1533275085557253e-08,2.8337180746756494e-08,3.266105195103213e-08,1180.5648,0.1599377989768982
262,1.829106751997024e-09,1.807594299837947e-08,3.636337909348309e-08,2.1533275085557253e-08,4.5189155689757314e-08,2.335534685686231e-08,1134.7532,0.1763896942138672
263,4.142698529079556e-08,5.8686609758157286e-08,4.8568078164346514e-08,4.6321320445425806e-08,2.8337180746756494e-08,2.335534685686231e-08,1801.072,0.25427672266960144
264,3.234772451309487e-08,3.699948718007654e-08,1.3706150291860104e-09,3.422284888109192e-08,8.06565717415884e-09,2.042963962769136e-08,1873.4788,0.27718475461006165
265,4.4943198268674316e-09,3.699948718007654e-08,1.3706150291860104e-09,3.422284888109192e-08,8.06565717415884e-09,2.042963962769136e-08,1549.1074,0.23414047062397003
266,3.234772451309487e-08,1.571008457913995e-08,1.3706150291860104e-09,3.422284888109192e-08,8.06565717415884e-09,2.042963962769136e-08,1481.7904,0.03761053457856178
267,3.234772451309487e-08,3.699948718007654e-08,1.1482846771925687e-09,3.422284888109192e-08,8.06565717415884e-09,2.042963962769136e-08,1680.1953,0.2601901590824127
268,3.234772451309487e-08,3.699948718007654e-08,1.3706150291860104e-09,2.500506598085165e-08,8.06565717415884e-09,2.042963962769136e-08,1830.3848,0.2724929749965668
269,3.234772451309487e-08,3.699948718007654e-08,1.3706150291860104e-09,3.422284888109192e-08,2.122812589071691e-09,2.042963962769136e-08,1638.4861,0.2590339481830597
270,3.234772451309487e-08,3.699948718007654e-08,1.3706150291860104e-09,3.422284888109192e-08,8.06565717415884e-09,3.0908728085234757e-08,1818.9666,0.2732650339603424
271,4.4943198268674316e-09,1.571008457913995e-08,1.1482846771925687e-09,2.500506598085165e-08,2.122812589071691e-09,3.0908728085234757e-08,1172.5602,0.09008990228176117
272,4.593525983111932e-08,3.0557756651379166e-08,4.556636502387002e-08,5.6903503889217976e-09,1.7946310145836323e-08,5.926836322564632e-09,1213.3511,0.18914695084095
273,4.376147448327392e-08,3.0557756651379166e-08,4.556636502387002e-08,5.6903503889217976e-09,1.7946310145836323e-08,5.926836322564632e-09,1195.4452,0.09110984206199646
274,4.593525983111932e-08,2.5602419096603993e-08,4.556636502387002e-08,5.6903503889217976e-09,1.7946310145836323e-08,5.926836322564632e-09,1131.0929,0.0845784842967987
275,4.593525983111932e-08,3.0557756651379166e-08,1.595154738046229e-08,5.6903503889217976e-09,1.7946310145836323e-08,5.926836322564632e-09,1164.9573,0.31264469027519226
276,4.593525983111932e-08,3.0557756651379166e-08,4.556636502387002e-08,1.8698003918863835e-09,1.7946310145836323e-08,5.926836322564632e-09,1132.8511,0.11293169856071472
277,4.593525983111932e-08,3.0557756651379166e-08,4.556636502387002e-08,5.6903503889217976e-09,1.7095912705864757e-08,5.926836322564632e-09,1231.9948,0.23373325169086456
278,4.593525983111932e-08,3.0557756651379166e-08,4.556636502387002e-08,5.6903503889217976e-09,1.7946310145836323e-08,4.905681131279096e-08,1716.2954,0.2392984926700592
279,4.376147448327392e-08,2.5602419096603993e-08,1.595154738046229e-08,1.8698003918863835e-09,1.7095912705864757e-08,4.905681131279096e-08,1286.7289,0.34245169162750244
280,1.4556166887711732e-08,5.997608466260135e-08,2.532271957376972e-08,4.973333013750612e-08,4.13233227221854e-08,4.5283395636919886e-08,1813.3296,0.25205516815185547
281,2.2357121913153678e-08,5.997608466260135e-08,2.532271957376972e-08,4.973333013750612e-08,4.13233227221854e-08,4.5283395636919886e-08,1869.3987,0.2566734254360199
282,1.4556166887711732e-08,5.3325894312653694e-08,2.532271957376972e-08,4.973333013750612e-08,4.13233227221854e-08,4.5283395636919886e-08,1815.3958,0.255633145570755
283,1.4556166887711732e-08,5.997608466260135e-08,3.3873038050271565e-08,4.973333013750612e-08,4.13233227221854e-08,4.5283395636919886e-08,1919.5334,0.25834134221076965
284,1.4556166887711732e-08,5.997608466260135e-08,2.532271957376972e-08,3.5189770626779644e-08,4.13233227221854e-08,4.5283395636919886e-08,1833.4487,0.26718005537986755
285,1.4556166887711732e-08,5.997608466260135e-08,2.532271957376972e-08,4.973333013750612e-08,4.4181748139169066e-08,4.5283395636919886e-08,1866.7588,0.2553710639476776
286,1.4556166887711732e-08,5.997608466260135e-08,2.532271957376972e-08,4.973333013750612e-08,4.13233227221854e-08,1.9558111803047358e-09,1783.6733,0.25198620557785034
287,2.2357121913153678e-08,5.3325894312653694e-08,3.3873038050271565e-08,3.5189770626779644e-08,4.4181748139169066e-08,1.9558111803047358e-09,1756.0242,0.2598092257976532
288,2.5094617086630316e-08,2.362628067871556e-08,1.0628021137136965e-08,4.241629582494497e-08,3.027640504295006e-08,3.5356622205786405e-08,1727.0398,0.2568151354789734
289,5.4425121384486553e-08,2.362628067871556e-08,1.0628021137136965e-08,4.241629582494497e-08,3.027640504295006e-08,3.5356622205786405e-08,1762.2285,0.24259191751480103
290,2.5094617086630316e-08,3.5601439755223695e-08,1.0628021137136965e-08,4.241629582494497e-08,3.027640504295006e-08,3.5356622205786405e-08,1792.719,0.23947107791900635
291,2.5094617086630316e-08,2.362628067871556e-08,2.356194790231064e-08,4.241629582494497e-08,3.027640504295006e-08,3.5356622205786405e-08,1759.6411,0.23774811625480652
292,2.5094617086630316e-08,2.362628067871556e-08,1.0628021137136965e-08,1.9901808803007007e-08,3.027640504295006e-08,3.5356622205786405e-08,1611.2627,0.22573108971118927
293,2.5094617086630316e-08,2.362628067871556e-08,1.0628021137136965e-08,4.241629582494497e-08,2.324010291920975e-08,3.5356622205786405e-08,1546.8224,0.01255959365516901
294,2.5094617086630316e-08,2.362628067871556e-08,1.0628021137136965e-08,4.241629582494497e-08,3.027640504295006e-08,1.0097793292496353e-08,1709.8164,0.23584362864494324
295,5.4425121384486553e-08,3.5601439755223695e-08,2.356194790231064e-08,1.9901808803007007e-08,2.324010291920975e-08,1.0097793292496353e-08,1367.278,0.0
296,4.873531651319936e-08,6.462443149210886e-08,3.097795799175277e-08,1.3867943304739891e-08,2.249477949133143e-08,2.353696010041982e-08,1563.0042,0.24551540613174438
297,1.9009712418746203e-08,6.462443149210886e-08,3.097795799175277e-08,1.3867943304739891e-08,2.249477949133143e-08,2.353696010041982e-08,1672.6182,0.026225360110402107
298,4.873531651319936e-08,4.3231251628603786e-08,3.097795799175277e-08,1.3867943304739891e-08,2.249477949133143e-08,2.353696010041982e-08,1623.4883,0.027317767962813377
299,4.873531651319936e-08,6.462443149210886e-08,4.003104319265112e-08,1.3867943304739891e-08,2.249477949133143e-08,2.353696010041982e-08,1688.2864,0.25436532497406006
300,4.873531651319936e-08,6.462443149210886e-08,3.097795799175277e-08,5.4970526204966e-08,2.249477949133143e-08,2.353696010041982e-08,1894.5505,0.26504141092300415
301,4.873531651319936e-08,6.462443149210886e-08,3.097795799175277e-08,1.3867943304739891e-08,5.2033508981037884e-08,2.353696010041982e-08,1709.1238,0.24824509024620056
302,4.873531651319936e-08,6.462443149210886e-08,3.097795799175277e-08,1.3867943304739891e-08,2.249477949133143e-08,4.4239361166376616e-08,1706.5349,0.25300922989845276
303,1.9009712418746203e-08,4.3231251628603786e-08,4.003104319265112e-08,5.4970526204966e-08,5.2033508981037884e-08,4.4239361166376616e-08,2000.8271,0.2602252960205078
304,3.642477183772251e-08,7.238420196808875e-10,1.9505337941125036e-08,4.0687678983043876e-08,4.860449547413737e-09,1.0556708986386657e-08,1286.1583,0.1693294644355774
305,3.096577253822237e-08,7.238420196808875e-10,1.9505337941125036e-08,4.0687678983043876e-08,4.860449547413737e-09,1.0556708986386657e-08,1234.6815,0.14780086278915405
306,3.642477183772251e-08,6.879849922535942e-08,1.9505337941125036e-08,4.0687678983043876e-08,4.860449547413737e-09,1.0556708986386657e-08,1676.5898,0.251304030418396
307,3.642477183772251e-08,7.238420196808875e-10,5.2738083018418396e-08,4.0687678983043876e-08,4.860449547413737e-09,1.0556708986386657e-08,1438.8019,0.2047550231218338
308,3.642477183772251e-08,7.238420196808875e-10,1.9505337941125036e-08,2.998010316444561e-08,4.860449547413737e-09,1.0556708986386657e-08,1134.3486,0.12529140710830688
309,3.642477183772251e-08,7.238420196808875e-10,1.9505337941125036e-08,4.0687678983043876e-08,3.6066411384642124e-08,1.0556708986386657e-08,1398.9056,0.0392233170568943
310,3.642477183772251e-08,7.238420196808875e-10,1.9505337941125036e-08,4.0687678983043876e-08,4.860449547413737e-09,3.640787064108997e-08,1533.2517,0.21643167734146118
311,3.096577253822237e-08,6.879849922535942e-08,5.2738083018418396e-08,2.998010316444561e-08,3.6066411384642124e-08,3.640787064108997e-08,1985.7717,0.2715250253677368
312,1.1923598458636551e-08,5.2216237264405936e-08,5.438926165029406e-08,1.5929005226586017e-08,5.392566321274265e-08,5.032500704064965e-08,1419.3698,0.10280756652355194
313,7.63950505727902e-09,5.2216237264405936e-08,5.438926165029406e-08,1.5929005226586017e-08,5.392566321274265e-08,5.032500704064965e-08,1454.481,0.11676143109798431
314,1.1923598458636551e-08,5.728311230428517e-09,5.438926165029406e-08,1.5929005226586017e-08,5.392566321274265e-08,5.032500704064965e-08,986.55676,0.04472748935222626
315,1.1923598458636551e-08,5.2216237264405936e-08,1.0746739598233251e-08,1.5929005226586017e-08,5.392566321274265e-08,5.032500704064965e-08,1732.9517,0.25300127267837524
316,1.1923598458636551e-08,5.2216237264405936e-08,5.438926165029406e-08,1.0410914330203086e-08,5.392566321274265e-08,5.032500704064965e-08,1387.8358,0.10916419327259064
317,1.1923598458636551e-08,5.2216237264405936e-08,5.438926165029406e-08,1.5929005226586017e-08,8.120860576033592e-09,5.032500704064965e-08,1792.8118,0.261135071516037
318,1.1923598458636551e-08,5.2216237264405936e-08,5.438926165029406e-08,1.5929005226586017e-08,5.392566321274265e-08,1.4303292017392814e-08,1435.6024,0.1113210991024971
319,7.63950505727902e-09,5.728311230428517e-09,1.0746739598233251e-08,1.0410914330203086e-08,8.120860576033592e-09,1.4303292017392814e-08,660.2118,0.05821673572063446
320,1.079076208235696e-08,3.4147000922542065e-08,1.4634369926396757e-08,1.0425074216127394e-08,1.3580015751775354e-08,4.307035069011152e-08,1197.9202,0.32717618346214294
321,5.156817940510809e-08,3.4147000922542065e-08,1.4634369926396757e-08,1.0425074216127394e-08,1.3580015751775354e-08,4.307035069011152e-08,1632.3508,0.2171882838010788
322,1.079076208235696e-08,2.882526614889503e-08,1.4634369926396757e-08,1.0425074216127394e-08,1.3580015751775354e-08,4.307035069011152e-08,1260.6935,0.3474104404449463
323,1.079076208235696e-08,3.4147000922542065e-08,2.496487486505881e-08,1.0425074216127394e-08,1.3580015751775354e-08,4.307035069011152e-08,1309.8263,0.21043866872787476
324,1.079076208235696e-08,3.4147000922542065e-08,1.4634369926396757e-08,3.844585232345387e-08,1.3580015751775354e-08,4.307035069011152e-08,1708.8401,0.2287082076072693
325,1.079076208235696e-08,3.4147000922542065e-08,1.4634369926396757e-08,1.0425074216127394e-08,1.314185711622238e-08,4.307035069011152e-08,1404.4479,0.296853244304657
326,1.079076208235696e-08,3.4147000922542065e-08,1.4634369926396757e-08,1.0425074216127394e-08,1.3580015751775354e-08,2.6236069698948413e-08,1368.9406,0.31308513879776
327,5.156817940510809e-08,2.882526614889503e-08,2.496487486505881e-08,3.844585232345387e-08,1.314185711622238e-08,2.6236069698948413e-08,1552.0969,0.2016444206237793
328,4.130853866515681e-08,5.417312663355842e-08,4.9303281985688954e-08,4.587139069404453e-08,4.520475981364026e-08,3.733982524424791e-09,1888.4604,0.2659648656845093
329,1.4554286534469574e-08,5.417312663355842e-08,4.9303281985688954e-08,4.587139069404453e-08,4.520475981364026e-08,3.733982524424791e-09,1730.7102,0.24587133526802063
330,4.130853866515681e-08,3.673445494445041e-08,4.9303281985688954e-08,4.587139069404453e-08,4.520475981364026e-08,3.733982524424791e-09,1601.0349,0.23802977800369263
331,4.130853866515681e-08,5.417312663355842e-08,3.778196751920506e-08,4.587139069404453e-08,4.520475981364026e-08,3.733982524424791e-09,1811.7051,0.0
332,4.130853866515681e-08,5.417312663355842e-08,4.9303281985688954e-08,5.599255995620042e-09,4.520475981364026e-08,3.733982524424791e-09,1678.6396,0.2037040740251541
333,4.130853866515681e-08,5.417312663355842e-08,4.9303281985688954e-08,4.587139069404453e-08,4.108945430010557e-08,3.733982524424791e-09,1802.9463,0.2531226873397827
334,4.130853866515681e-08,5.417312663355842e-08,4.9303281985688954e-08,4.587139069404453e-08,4.520475981364026e-08,3.157338350841775e-08,2002.5591,0.26697415113449097
335,1.4554286534469574e-08,3.673445494445041e-08,3.778196751920506e-08,5.599255995620042e-09,4.108945430010557e-08,3.157338350841775e-08,1486.1583,0.22294317185878754
336,5.437304145144298e-08,1.2279381368029863e-08,1.2255205998420714e-08,1.9377068755161018e-08,3.534277161275968e-08,1.6611390163116156e-08,1191.1361,0.17977243661880493
337,3.3755549791939555e-08,1.2279381368029863e-08,1.2255205998420714e-08,1.9377068755161018e-08,3.534277161275968e-08,1.6611390163116156e-08,1201.4406,0.08260119706392288
338,5.437304145144298e-08,6.644053648421541e-08,1.2255205998420714e-08,1.9377068755161018e-08,3.534277161275968e-08,1.6611390163116156e-08,1769.3037,0.2700299322605133
339,5.437304145144298e-08,1.2279381368029863e-08,5.070382427765056e-08,1.9377068755161018e-08,3.534277161275968e-08,1.6611390163116156e-08,1384.3412,0.18461626768112183
340,5.437304145144298e-08,1.2279381368029863e-08,1.2255205998420714e-08,2.1967651288285854e-08,3.534277161275968e-08,1.6611390163116156e-08,1246.3817,0.09159070253372192
341,5.437304145144298e-08,1.2279381368029863e-08,1.2255205998420714e-08,1.9377068755161018e-08,5.3451615891624237e-08,1.6611390163116156e-08,1211.3746,0.1257067769765854
342,5.437304145144298e-08,1.2279381368029863e-08,1.2255205998420714e-08,1.9377068755161018e-08,3.534277161275968e-08,5.466516823451966e-08,1348.7208,0.1568610668182373
343,3.3755549791939555e-08,6.644053648421541e-08,5.070382427765056e-08,2.1967651288285854e-08,5.3451615891624237e-08,5.466516823451966e-08,1690.4033,0.24045780301094055
344,2.2993110609184952e-08,4.059094962095842e-08,3.238992131851613e-08,3.7224976000580935e-08,1.742802020767704e-08,2.884957495559007e-08,1757.3218,0.242869034409523
345,1.2162095667216926e-08,4.059094962095842e-08,3.238992131851613e-08,3.7224976000580935e-08,1.742802020767704e-08,2.884957495559007e-08,1635.242,0.23600521683692932
346,2.2993110609184952e-08,3.6497248847037554e-09,3.238992131851613e-08,3.7224976000580935e-08,1.742802020767704e-08,2.884957495559007e-08,1466.5953,0.20770381391048431
347,2.2993110609184952e-08,4.059094962095842e-08,1.1934639743659645e-08,3.7224976000580935e-08,1.742802020767704e-08,2.884957495559007e-08,1632.7017,0.02108553983271122
348,2.2993110609184952e-08,4.059094962095842e-08,3.238992131851613e-08,4.280377618383616e-08,1.742802020767704e-08,2.884957495559007e-08,1699.1577,0.29859045147895813
349,2.2993110609184952e-08,4.059094962095842e-08,3.238992131851613e-08,3.7224976000580935e-08,2.4659416666496546e-08,2.884957495559007e-08,1720.9275,0.02811960130929947
350,2.2993110609184952e-08,4.059094962095842e-08,3.238992131851613e-08,3.7224976000580935e-08,1.742802020767704e-08,6.342115174867213e-09,1755.6685,0.256931334733963
351,1.2162095667216926e-08,3.6497248847037554e-09,1.1934639743659645e-08,4.280377618383616e-08,2.4659416666496546e-08,6.342115174867213e-09,1171.9906,0.039305612444877625
352,2.0193811479490252e-08,6.5200354475528006e-09,4.348593765676021e-08,3.079446203785017e-08,2.666089179487899e-08,5.242387515129521e-08,1293.132,0.1765390783548355
353,3.684060614645481e-08,6.5200354475528006e-09,4.348593765676021e-08,3.079446203785017e-08,2.666089179487899e-08,5.242387515129521e-08,1294.2195,0.149755597114563
354,2.0193811479490252e-08,5.6624777415301654e-08,4.348593765676021e-08,3.079446203785017e-08,2.666089179487899e-08,5.242387515129521e-08,1773.237,0.025550583377480507
355,2.0193811479490252e-08,6.5200354475528006e-09,4.289190764751285e-08,3.079446203785017e-08,2.666089179487899e-08,5.242387515129521e-08,1225.8815,0.26125285029411316
356,2.0193811479490252e-08,6.5200354475528006e-09,4.348593765676021e-08,1.425105251872912e-08,2.666089179487899e-08,5.242387515129521e-08,1148.354,0.04203259199857712
357,2.0193811479490252e-08,6.5200354475528006e-09,4.348593765676021e-08,3.079446203785017e-08,4.5762682900335634e-08,5.242387515129521e-08,1238.5438,0.24853205680847168
358,2.0193811479490252e-08,6.5200354475528006e-09,4.348593765676021e-08,3.079446203785017e-08,2.666089179487899e-08,1.1085369460061192e-08,1087.0718,0.25679582357406616
359,3.684060614645481e-08,5.6624777415301654e-08,4.289190764751285e-08,1.425105251872912e-08,4.5762682900335634e-08,1.1085369460061192e-08,1672.4714,0.2542855739593506
360,4.3833669727761296e-08,4.862508086878806e-08,2.3457334191426637e-08,2.49487015520595e-08,3.260750882072374e-08,1.2648817745689302e-08,1656.4805,0.24603231251239777
361,1.7750736517272889e-09,4.862508086878806e-08,2.3457334191426637e-08,2.49487015520595e-08,3.260750882072374e-08,1.2648817745689302e-08,1835.842,0.25992870330810547
362,4.3833669727761296e-08,1.3370966008864344e-08,2.3457334191426637e-08,2.49487015520595e-08,3.260750882072374e-08,1.2648817745689302e-08,1296.7668,0.1834711879491806
363,4.3833669727761296e-08,4.862508086878806e-08,6.004961833059788e-09,2.49487015520595e-08,3.260750882072374e-08,1.2648817745689302e-08,1573.8083,0.19438442587852478
364,4.3833669727761296e-08,4.862508086878806e-08,2.3457334191426637e-08,3.3340109324362126e-08,3.260750882072374e-08,1.2648817745689302e-08,1853.1912,0.25910577178001404
365,4.3833669727761296e-08,4.862508086878806e-08,2.3457334191426637e-08,2.49487015520595e-08,1.8674801091756673e-08,1.2648817745689302e-08,1631.5815,0.2027236968278885
366,4.3833669727761296e-08,4.862508086878806e-08,2.3457334191426637e-08,2.49487015520595e-08,3.260750882072374e-08,4.658394608691335e-08,1819.4785,0.25092780590057373
367,1.7750736517272889e-09,1.3370966008864344e-08,6.004961833059788e-09,3.3340109324362126e-08,1.8674801091756673e-08,4.658394608691335e-08,1392.6185,0.18944349884986877
368,3.1215014395546165e-08,2.003720654975623e-08,4.164725978786125e-08,5.316901067707687e-08,5.02504327619262e-08,2.7469386401157828e-08,1726.887,0.2500603497028351
369,4.82538236675784e-08,2.003720654975623e-08,4.164725978786125e-08,5.316901067707687e-08,5.02504327619262e-08,2.7469386401157828e-08,1608.7966,0.2288484275341034
370,3.1215014395546165e-08,1.9121297618933025e-08,4.164725978786125e-08,5.316901067707687e-08,5.02504327619262e-08,2.7469386401157828e-08,1706.9316,0.024550143629312515
371,3.1215014395546165e-08,2.003720654975623e-08,2.0593407603651286e-08,5.316901067707687e-08,5.02504327619262e-08,2.7469386401157828e-08,1836.8157,0.2523677945137024
372,3.1215014395546165e-08,2.003720654975623e-08,4.164725978786125e-08,5.1349159962870175e-08,5.02504327619262e-08,2.7469386401157828e-08,1750.4331,0.2503751516342163
373,3.1215014395546165e-08,2.003720654975623e-08,4.164725978786125e-08,5.316901067707687e-08,6.984234490655363e-09,2.7469386401157828e-08,1799.7502,0.24437706172466278
374,3.1215014395546165e-08,2.003720654975623e-08,4.164725978786125e-08,5.316901067707687e-08,5.02504327619262e-08,4.068557193798944e-08,1676.7776,0.02299986220896244
375,4.82538236675784e-08,1.9121297618933025e-08,2.0593407603651286e-08,5.1349159962870175e-08,6.984234490655363e-09,4.068557193798944e-08,1726.4727,0.026893628761172295
376,6.713003117609769e-09,7.042715511471033e-08,6.869747592974454e-09,2.2685747069865465e-09,3.003882445823401e-09,3.9268844240065663e-08,1373.4806,0.4945732057094574
377,2.51703980483301e-08,7.042715511471033e-08,6.869747592974454e-09,2.2685747069865465e-09,3.003882445823401e-09,3.9268844240065663e-08,1457.6616,0.2712291479110718
378,6.713003117609769e-09,4.6567486080806704e-08,6.869747592974454e-09,2.2685747069865465e-09,3.003882445823401e-09,3.9268844240065663e-08,1350.7242,0.26078519225120544
379,6.713003117609769e-09,7.042715511471033e-08,2.8411894350759684e-08,2.2685747069865465e-09,3.003882445823401e-09,3.9268844240065663e-08,1657.1226,0.28038087487220764
380,6.713003117609769e-09,7.042715511471033e-08,6.869747592974454e-09,1.6753818927556277e-08,3.003882445823401e-09,3.9268844240065663e-08,1459.2498,0.2496369332075119
381,6.713003117609769e-09,7.042715511471033e-08,6.869747592974454e-09,2.2685747069865465e-09,3.319739581163972e-08,3.9268844240065663e-08,1393.0074,0.0
382,6.713003117609769e-09,7.042715511471033e-08,6.869747592974454e-09,2.2685747069865465e-09,3.003882445823401e-09,2.0663364215251058e-08,1392.044,0.4979993402957916
383,2.51703980483301e-08,4.6567486080806704e-08,2.8411894350759684e-08,1.6753818927556277e-08,3.319739581163972e-08,2.0663364215251058e-08,1815.1802,0.257525235414505
384,4.362600559592247e-09,2.120065289679915e-08,5.1668161921147256e-08,3.982006321361288e-08,3.9227126336470244e-08,1.1471509857177734e-08,1443.1809,0.21651913225650787
385,6.533548775371165e-09,2.120065289679915e-08,5.1668161921147256e-08,3.982006321361288e-08,3.9227126336470244e-08,1.1471509857177734e-08,1711.1025,0.24258136749267578
386,4.362600559592247e-09,2.1627462976705285e-08,5.1668161921147256e-08,3.982006321361288e-08,3.9227126336470244e-08,1.1471509857177734e-08,1652.8254,0.22975090146064758
387,4.362600559592247e-09,2.120065289679915e-08,3.609342096595093e-08,3.982006321361288e-08,3.9227126336470244e-08,1.1471509857177734e-08,1354.2128,0.20483188331127167
388,4.362600559592247e-09,2.120065289679915e-08,5.1668161921147256e-08,5.230462003935128e-08,3.9227126336470244e-08,1.1471509857177734e-08,1768.5498,0.25248032808303833
389,4.362600559592247e-09,2.120065289679915e-08,5.1668161921147256e-08,3.982006321361288e-08,3.3067131440527734e-08,1.1471509857177734e-08,1289.6854,0.20722617208957672
390,4.362600559592247e-09,2.120065289679915e-08,5.1668161921147256e-08,3.982006321361288e-08,3.9227126336470244e-08,7.791786460727452e-09,1537.2914,0.22261272370815277
391,6.533548775371165e-09,2.1627462976705285e-08,3.609342096595093e-08,5.230462003935128e-08,3.3067131440527734e-08,7.791786460727452e-09,1769.4895,0.23859457671642303
392,2.8863984438218177e-08,6.71880123373121e-08,1.69977974765189e-08,1.6785696746278555e-08,1.9611456662230193e-08,5.4245841775313014e-08,1667.2856,0.20096634328365326
393,3.852280204951763e-08,6.71880123373121e-08,1.69977974765189e-08,1.6785696746278555e-08,1.9611456662230193e-08,5.4245841775313014e-08,1754.1218,0.27625948190689087
394,2.8863984438218177e-08,4.7211668496765196e-08,1.69977974765189e-08,1.6785696746278555e-08,1.9611456662230193e-08,5.4245841775313014e-08,1573.7146,0.1999729424715042
395,2.8863984438218177e-08,6.71880123373121e-08,2.655844861710444e-08,1.6785696746278555e-08,1.9611456662230193e-08,5.4245841775313014e-08,1795.802,0.27233588695526123
396,2.8863984438218177e-08,6.71880123373121e-08,1.69977974765189e-08,1.903493664830923e-08,1.9611456662230193e-08,5.4245841775313014e-08,1815.8618,0.2522195875644684
397,2.8863984438218177e-08,6.71880123373121e-08,1.69977974765189e-08,1.6785696746278555e-08,4.2737007828429346e-09,5.4245841775313014e-08,1598.2681,0.007439963985234499
398,2.8863984438218177e-08,6.71880123373121e-08,1.69977974765189e-08,1.6785696746278555e-08,1.9611456662230193e-08,4.322078673817217e-08,1703.8328,0.023414229974150658
399,3.852280204951763e-08,4.7211668496765196e-08,2.655844861710444e-08,1.903493664830923e-08,4.2737007828429346e-09,4.322078673817217e-08,1522.3298,0.23261883854866028
400,4.2773016503006215e-08,7.549685231596232e-09,3.346524376839399e-08,4.4995813143327826e-08,9.730960899069905e-09,4.174533469025045e-08,1368.2169,0.0
401,2.354182111280039e-08,7.549685231596232e-09,3.346524376839399e-08,4.4995813143327826e-08,9.730960899069905e-09,4.174533469025045e-08,1379.9761,0.017227815464138985
402,4.2773016503006215e-08,5.4858639514259996e-08,3.346524376839399e-08,4.4995813143327826e-08,9.730960899069905e-09,4.174533469025045e-08,1823.3157,0.25699684023857117
403,4.2773016503006215e-08,7.549685231596232e-09,1.379828256079927e-08,4.4995813143327826e-08,9.730960899069905e-09,4.174533469025045e-08,1439.8923,0.21417774260044098
404,4.2773016503006215e-08,7.549685231596232e-09,3.346524376839399e-08,7.893502779696137e-09,9.730960899069905e-09,4.174533469025045e-08,1205.3341,0.0
405,4.2773016503006215e-08,7.549685231596232e-09,3.346524376839399e-08,4.4995813143327826e-08,2.0103142953198403e-08,4.174533469025045e-08,1512.8716,0.22335001826286316
406,4.2773016503006215e-08,7.549685231596232e-09,3.346524376839399e-08,4.4995813143327826e-08,9.730960899069905e-09,3.7110352032240475e-08,1331.1847,0.0
407,2.354182111280039e-08,5.4858639514259996e-08,1.379828256079927e-08,7.893502779696137e-09,2.0103142953198403e-08,3.7110352032240475e-08,1571.4492,0.22941403090953827
408,1.913210780669004e-08,4.5252175240777433e-08,1.3329076062962412e-08,1.1297626066543161e-08,4.3093536691777406e-08,2.6067612010501327e-08,1819.124,0.2573413848876953
409,4.3441926343254744e-08,4.5252175240777433e-08,1.3329076062962412e-08,1.1297626066543161e-08,4.3093536691777406e-08,2.6067612010501327e-08,1573.9534,0.23291493952274323
410,1.913210780669004e-08,9.742844902630896e-09,1.3329076062962412e-08,1.1297626066543161e-08,4.3093536691777406e-08,2.6067612010501327e-08,1108.0938,0.0673852264881134
411,1.913210780669004e-08,4.5252175240777433e-08,4.8962019496094434e-08,1.1297626066543161e-08,4.3093536691777406e-08,2.6067612010501327e-08,1576.7749,0.2485162913799286
412,1.913210780669004e-08,4.5252175240777433e-08,1.3329076062962412e-08,2.915279303526506e-08,4.3093536691777406e-08,2.6067612010501327e-08,1669.0979,0.019430307671427727
413,1.913210780669004e-08,4.5252175240777433e-08,1.3329076062962412e-08,1.1297626066543161e-08,4.804866588650271e-08,2.6067612010501327e-08,1751.6155,0.246117502450943
414,1.913210780669004e-08,4.5252175240777433e-08,1.3329076062962412e-08,1.1297626066543161e-08,4.3093536691777406e-08,1.715373285068199e-08,1703.7891,0.24319809675216675
415,4.3441926343254744e-08,9.742844902630896e-09,4.8962019496094434e-08,2.915279303526506e-08,4.804866588650271e-08,1.715373285068199e-08,1212.729,0.1752212792634964
416,2.2362086945511403e-08,1.1250843566004188e-08,2.2813075036108493e-08,4.833661328814924e-09,5.236671924833208e-08,1.4724338308908044e-09,514.03424,0.06730473786592484
417,1.954074885217473e-08,1.1250843566004188e-08,2.2813075036108493e-08,4.833661328814924e-09,5.236671924833208e-08,1.4724338308908044e-09,514.1385,0.06707055121660233
418,2.2362086945511403e-08,6.268321989737452e-08,2.2813075036108493e-08,4.833661328814924e-09,5.236671924833208e-08,1.4724338308908044e-09,1727.5354,0.23421725630760193
419,2.2362086945511403e-08,1.1250843566004188e-08,4.2535515496134764e-09,4.833661328814924e-09,5.236671924833208e-08,1.4724338308908044e-09,570.7256,0.08932768553495407
420,2.2362086945511403e-08,1.1250843566004188e-08,2.2813075036108493e-08,2.7686915590688588e-08,5.236671924833208e-08,1.4724338308908044e-09,1149.2734,0.0869346410036087
421,2.2362086945511403e-08,1.1250843566004188e-08,2.2813075036108493e-08,4.833661328814924e-09,2.7966701607648283e-08,1.4724338308908044e-09,586.14746,0.03520040959119797
422,2.2362086945511403e-08,1.1250843566004188e-08,2.2813075036108493e-08,4.833661328814924e-09,5.236671924833208e-08,2.2652859009299428e-08,780.984,0.265893816947937
423,1.954074885217473e-08,6.268321989737452e-08,4.2535515496134764e-09,2.7686915590688588e-08,2.7966701607648283e-08,2.2652859009299428e-08,1598.0249,0.24730762839317322
424,5.374138915866613e-08,4.396280963821337e-08,4.284063932649791e-08,5.0600948366522784e-08,6.847926200181246e-09,4.4687027484048155e-08,1833.6577,0.25587788224220276
425,5.30220732871443e-08,4.396280963821337e-08,4.284063932649791e-08,5.0600948366522784e-08,6.847926200181246e-09,4.4687027484048155e-08,1771.7246,0.24848203361034393
426,5.374138915866613e-08,1.7544254788197579e-09,4.284063932649791e-08,5.0600948366522784e-08,6.847926200181246e-09,4.4687027484048155e-08,1498.1193,0.21185116469860077
427,5.374138915866613e-08,4.396280963821337e-08,4.4738290732167656e-08,5.0600948366522784e-08,6.847926200181246e-09,4.4687027484048155e-08,1842.7896,0.251984179019928
428,5.374138915866613e-08,4.396280963821337e-08,4.284063932649791e-08,4.719911439027637e-08,6.847926200181246e-09,4.4687027484048155e-08,1927.5864,0.2697910666465759
429,5.374138915866613e-08,4.396280963821337e-08,4.284063932649791e-08,5.0600948366522784e-08,5.4181045169476415e-08,4.4687027484048155e-08,1837.3367,0.2546136975288391
430,5.374138915866613e-08,4.396280963821337e-08,4.284063932649791e-08,5.0600948366522784e-08,6.847926200181246e-09,2.805828079553321e-08,1823.9363,0.2686575949192047
431,5.30220732871443e-08,1.7544254788197579e-09,4.4738290732167656e-08,4.719911439027637e-08,5.4181045169476415e-08,2.805828079553321e-08,1624.3279,0.2234516143798828
432,3.852850121695548e-08,3.2984667611029e-08,4.076295923236758e-09,2.410359642306343e-08,2.4482518704868853e-08,2.981194108745083e-08,1655.2578,0.2547619640827179
433,1.0762030637357383e-08,3.2984667611029e-08,4.076295923236758e-09,2.410359642306343e-08,2.4482518704868853e-08,2.981194108745083e-08,1342.5077,0.21872130036354065
434,3.852850121695548e-08,2.9633146566618238e-08,4.076295923236758e-09,2.410359642306343e-08,2.4482518704868853e-08,2.981194108745083e-08,1386.7489,0.1553560197353363
435,3.852850121695548e-08,3.2984667611029e-08,2.9989152851216496e-08,2.410359642306343e-08,2.4482518704868853e-08,2.981194108745083e-08,1808.133,0.2539425790309906
436,3.852850121695548e-08,3.2984667611029e-08,4.076295923236758e-09,3.769794192386791e-08,2.4482518704868853e-08,2.981194108745083e-08,1619.7542,0.019282015040516853
437,3.852850121695548e-08,3.2984667611029e-08,4.076295923236758e-09,2.410359642306343e-08,3.90770067550987e-08,2.981194108745083e-08,1684.3164,0.030932309105992317
438,3.852850121695548e-08,3.2984667611029e-08,4.076295923236758e-09,2.410359642306343e-08,2.4482518704868853e-08,5.136281148318201e-08,1558.3938,0.24370239675045013
439,1.0762030637357383e-08,2.9633146566618238e-08,2.9989152851216496e-08,3.769794192386791e-08,3.90770067550987e-08,5.136281148318201e-08,1796.0781,0.24839948117733002
440,8.009672956317662e-09,5.741122485371307e-08,3.8852768943179395e-08,3.1643335662018504e-08,2.871814299866557e-08,1.4574521135818212e-08,1698.7307,0.24871602654457092
441,2.871503561962396e-08,5.741122485371307e-08,3.8852768943179395e-08,3.1643335662018504e-08,2.871814299866557e-08,1.4574521135818212e-08,1794.1973,0.26404109597206116
442,8.009672956317662e-09,3.9404351752996444e-08,3.8852768943179395e-08,3.1643335662018504e-08,2.871814299866557e-08,1.4574521135818212e-08,1584.9243,0.23160167038440704
443,8.009672956317662e-09,5.741122485371307e-08,1.889431106761098e-08,3.1643335662018504e-08,2.871814299866557e-08,1.4574521135818212e-08,1819.594,0.26552391052246094
444,8.009672956317662e-09,5.741122485371307e-08,3.8852768943179395e-08,2.679485540110618e-09,2.871814299866557e-08,1.4574521135818212e-08,1687.2698,0.25348639488220215
445,8.009672956317662e-09,5.741122485371307e-08,3.8852768943179395e-08,3.1643335662018504e-08,1.1991143446490168e-08,1.4574521135818212e-08,1669.7651,0.24679909646511078
446,8.009672956317662e-09,5.741122485371307e-08,3.8852768943179395e-08,3.1643335662018504e-08,2.871814299866557e-08,2.9743789471313355e-09,1833.6328,0.25993919372558594
447,2.871503561962396e-08,3.9404351752996444e-08,1.889431106761098e-08,2.679485540110618e-09,1.1991143446490168e-08,2.9743789471313355e-09,1253.733,0.19975608587265015
448,1.2581264251768588e-08,3.958526860643179e-09,2.4459542862325907e-09,5.4015745384059846e-08,1.576245381951332e-08,2.128893400391564e-08,995.5305,0.32584768533706665
449,1.7669412041138858e-08,3.958526860643179e-09,2.4459542862325907e-09,5.4015745384059846e-08,1.576245381951332e-08,2.128893400391564e-08,1257.8806,0.19511540234088898
450,1.2581264251768588e-08,6.916383595261723e-08,2.4459542862325907e-09,5.4015745384059846e-08,1.576245381951332e-08,2.128893400391564e-08,1651.7749,0.24436219036579132
451,1.2581264251768588e-08,3.958526860643179e-09,3.0655563002079726e-09,5.4015745384059846e-08,1.576245381951332e-08,2.128893400391564e-08,1299.1053,0.18873539566993713
452,1.2581264251768588e-08,3.958526860643179e-09,2.4459542862325907e-09,3.2462316609304394e-08,1.576245381951332e-08,2.128893400391564e-08,1209.7911,0.6059593558311462
453,1.2581264251768588e-08,3.958526860643179e-09,2.4459542862325907e-09,5.4015745384059846e-08,1.0131268714591861e-08,2.128893400391564e-08,1407.0923,0.20173797011375427
454,1.2581264251768588e-08,3.958526860643179e-09,2.4459542862325907e-09,5.4015745384059846e-08,1.576245381951332e-08,1.3400189807135611e-08,1326.793,0.19901156425476074
455,1.7669412041138858e-08,6.916383595261723e-08,3.0655563002079726e-09,3.2462316609304394e-08,1.0131268714591861e-08,1.3400189807135611e-08,1663.2283,0.30400317907333374
456,3.7083486029244955e-08,5.104836669331417e-08,3.743723235085606e-08,1.4042248573899268e-09,3.743854812670499e-08,3.6959989156853404e-08,1729.2356,0.2504885792732239
457,4.931046546183526e-08,5.104836669331417e-08,3.743723235085606e-08,1.4042248573899268e-09,3.743854812670499e-08,3.6959989156853404e-08,1574.4565,0.2313769906759262
458,3.7083486029244955e-08,8.512260336708278e-09,3.743723235085606e-08,1.4042248573899268e-09,3.743854812670499e-08,3.6959989156853404e-08,814.07886,0.3181135952472687
459,3.7083486029244955e-08,5.104836669331417e-08,4.677243469227105e-08,1.4042248573899268e-09,3.743854812670499e-08,3.6959989156853404e-08,1521.156,0.24759919941425323
460,3.7083486029244955e-08,5.104836669331417e-08,3.743723235085606e-08,1.156920167909935e-08,3.743854812670499e-08,3.6959989156853404e-08,1862.8191,0.25612345337867737
461,3.7083486029244955e-08,5.104836669331417e-08,3.743723235085606e-08,1.4042248573899268e-09,3.721917839847505e-08,3.6959989156853404e-08,1741.8535,0.2547236680984497
462,3.7083486029244955e-08,5.104836669331417e-08,3.743723235085606e-08,1.4042248573899268e-09,3.743854812670499e-08,4.760713633755222e-08,1591.3713,0.23281730711460114
463,4.931046546183526e-08,8.512260336708278e-09,4.677243469227105e-08,1.156920167909935e-08,3.721917839847505e-08,4.760713633755222e-08,1199.1978,0.1569882035255432
464,5.1542415860146284e-08,2.700337454406545e-08,2.7687616316396743e-08,2.8220930531118066e-08,4.730079847842455e-08,5.13007092509605e-08,1765.6941,0.24610333144664764
465,1.2700528894606977e-08,2.700337454406545e-08,2.7687616316396743e-08,2.8220930531118066e-08,4.730079847842455e-08,5.13007092509605e-08,1649.2078,0.23253948986530304
466,5.1542415860146284e-08,3.1695551756676284e-08,2.7687616316396743e-08,2.8220930531118066e-08,4.730079847842455e-08,5.13007092509605e-08,1607.8511,0.23643913865089417
467,5.1542415860146284e-08,2.700337454406545e-08,3.223832362864166e-08,2.8220930531118066e-08,4.730079847842455e-08,5.13007092509605e-08,1560.5952,0.22342106699943542
468,5.1542415860146284e-08,2.700337454406545e-08,2.7687616316396743e-08,1.594413254953921e-08,4.730079847842455e-08,5.13007092509605e-08,1731.4858,0.24293796718120575
469,5.1542415860146284e-08,2.700337454406545e-08,2.7687616316396743e-08,2.8220930531118066e-08,4.872502335214987e-08,5.13007092509605e-08,1837.2888,0.24840901792049408
470,5.1542415860146284e-08,2.700337454406545e-08,2.7687616316396743e-08,2.8220930531118066e-08,4.730079847842455e-08,3.9991067803017795e-08,1784.6528,0.2534629702568054
471,1.2700528894606977e-08,3.1695551756676284e-08,3.223832362864166e-08,1.594413254953921e-08,4.872502335214987e-08,3.9991067803017795e-08,1650.8472,0.23978130519390106
472,2.7902348342128098e-08,6.359893623301759e-08,4.792977576682344e-08,2.753822733445093e-08,1.1915131693668662e-08,8.506291126478462e-09,1731.9346,0.2539044916629791
473,3.235948199871927e-08,6.359893623301759e-08,4.792977576682344e-08,2.753822733445093e-08,1.1915131693668662e-08,8.506291126478462e-09,1895.8845,0.26115408539772034
474,2.7902348342128098e-08,4.1743976272456345e-08,4.792977576682344e-08,2.753822733445093e-08,1.1915131693668662e-08,8.506291126478462e-09,1686.7932,0.2557099461555481
475,2.7902348342128098e-08,6.359893623301759e-08,1.7491498885527254e-08,2.753822733445093e-08,1.1915131693668662e-08,8.506291126478462e-09,1793.7449,0.2592455744743347
476,2.7902348342128098e-08,6.359893623301759e-08,4.792977576682344e-08,4.8840989895574745e-08,1.1915131693668662e-08,8.506291126478462e-09,1763.2253,0.2465050369501114
477,2.7902348342128098e-08,6.359893623301759e-08,4.792977576682344e-08,2.753822733445093e-08,2.2511886627022178e-08,8.506291126478462e-09,1678.7815,0.24700798094272614
478,2.7902348342128098e-08,6.359893623301759e-08,4.792977576682344e-08,2.753822733445093e-08,1.1915131693668662e-08,1.7818382022418084e-08,1811.8889,0.26634207367897034
479,3.235948199871927e-08,4.1743976272456345e-08,1.7491498885527254e-08,4.8840989895574745e-08,2.2511886627022178e-08,1.7818382022418084e-08,1726.6299,0.2479480355978012
480,1.6933211575187743e-08,2.7181707343272868e-08,2.818451657028869e-08,2.0241421064343304e-08,1.0159859212860466e-09,1.9239022306241097e-08,1385.8646,0.01836555264890194
481,2.9528974895738066e-09,2.7181707343272868e-08,2.818451657028869e-08,2.0241421064343304e-08,1.0159859212860466e-09,1.9239022306241097e-08,1216.3374,0.0013046481180936098
482,1.6933211575187743e-08,2.3984920295421038e-08,2.818451657028869e-08,2.0241421064343304e-08,1.0159859212860466e-09,1.9239022306241097e-08,1343.5535,0.20159918069839478
483,1.6933211575187743e-08,2.7181707343272868e-08,4.155467288723215e-08,2.0241421064343304e-08,1.0159859212860466e-09,1.9239022306241097e-08,1617.7532,0.20972396433353424
484,1.6933211575187743e-08,2.7181707343272868e-08,2.818451657028869e-08,6.466129380110651e-09,1.0159859212860466e-09,1.9239022306241097e-08,1094.3595,0.1989794224500656
485,1.6933211575187743e-08,2.7181707343272868e-08,2.818451657028869e-08,2.0241421064343304e-08,4.2755445684175935e-08,1.9239022306241097e-08,1684.8789,0.23579919338226318
486,1.6933211575187743e-08,2.7181707343272868e-08,2.818451657028869e-08,2.0241421064343304e-08,1.0159859212860466e-09,2.6930580290332437e-08,1543.5415,0.18924756348133087
487,2.9528974895738066e-09,2.3984920295421038e-08,4.155467288723215e-08,6.466129380110651e-09,4.2755445684175935e-08,2.6930580290332437e-08,1056.6643,0.09057044982910156
488,4.831335168719291e-08,6.100046688616276e-08,7.833520044181495e-09,3.6378243753183634e-08,5.180895685456693e-08,3.449654158201068e-08,1781.137,0.0
489,3.6513766154795883e-08,6.100046688616276e-08,7.833520044181495e-09,3.6378243753183634e-08,5.180895685456693e-08,3.449654158201068e-08,1765.2561,0.25134190917015076
490,4.831335168719291e-08,4.928968146853149e-08,7.833520044181495e-09,3.6378243753183634e-08,5.180895685456693e-08,3.449654158201068e-08,1712.2539,0.24122825264930725
491,4.831335168719291e-08,6.100046688616276e-08,2.191669005678967e-08,3.6378243753183634e-08,5.180895685456693e-08,3.449654158201068e-08,1837.8074,0.25483137369155884
492,4.831335168719291e-08,6.100046688616276e-08,7.833520044181495e-09,4.111175725927576e-08,5.180895685456693e-08,3.449654158201068e-08,1767.935,0.24222557246685028
493,4.831335168719291e-08,6.100046688616276e-08,7.833520044181495e-09,3.6378243753183634e-08,1.4807876375596969e-08,3.449654158201068e-08,1678.1338,0.24840974807739258
494,4.831335168719291e-08,6.100046688616276e-08,7.833520044181495e-09,3.6378243753183634e-08,5.180895685456693e-08,3.4418372157663103e-08,1766.4851,0.23867154121398926
495,3.6513766154795883e-08,4.928968146853149e-08,2.191669005678967e-08,4.111175725927576e-08,1.4807876375596969e-08,3.4418372157663103e-08,1907.4094,0.2664448618888855
496,3.3435439636595545e-08,1.484230376817286e-08,5.3745012743249534e-08,7.835552533045412e-09,3.4166190531812605e-08,4.774633684456348e-08,1369.4935,0.16464179754257202
497,2.721649907918647e-08,1.484230376817286e-08,5.3745012743249534e-08,7.835552533045412e-09,3.4166190531812605e-08,4.774633684456348e-08,1157.7263,0.1644996553659439
498,3.3435439636595545e-08,6.163538596779109e-08,5.3745012743249534e-08,7.835552533045412e-09,3.4166190531812605e-08,4.774633684456348e-08,1664.304,0.24608856439590454
499,3.3435439636595545e-08,1.484230376817286e-08,8.941497183162719e-09,7.835552533045412e-09,3.4166190531812605e-08,4.774633684456348e-08,1159.8082,0.06916473060846329
500,3.3435439636595545e-08,1.484230376817286e-08,5.3745012743249534e-08,4.363108508322388e-08,3.4166190531812605e-08,4.774633684456348e-08,1549.9128,0.21782034635543823
501,3.3435439636595545e-08,1.484230376817286e-08,5.3745012743249534e-08,7.835552533045412e-09,2.254277647919953e-09,4.774633684456348e-08,1352.3577,0.20365940034389496
502,3.3435439636595545e-08,1.484230376817286e-08,5.3745012743249534e-08,7.835552533045412e-09,3.4166190531812605e-08,5.235035454882308e-08,1191.8325,0.14614315330982208
503,2.721649907918647e-08,6.163538596779109e-08,8.941497183162719e-09,4.363108508322388e-08,2.254277647919953e-09,5.235035454882308e-08,1917.9814,0.28254038095474243
504,2.917452554255724e-09,3.816624576915056e-08,1.8860029362589123e-08,4.8444926300086076e-08,2.4673572248145937e-08,4.53839760042727e-09,1610.0024,0.2338906228542328
505,4.5356935557387764e-08,3.816624576915056e-08,1.8860029362589123e-08,4.8444926300086076e-08,2.4673572248145937e-08,4.53839760042727e-09,1611.6599,0.24340064823627472
506,2.917452554255724e-09,1.6240147535968573e-08,1.8860029362589123e-08,4.8444926300086076e-08,2.4673572248145937e-08,4.53839760042727e-09,1723.2537,0.23280471563339233
507,2.917452554255724e-09,3.816624576915056e-08,5.463808835005387e-08,4.8444926300086076e-08,2.4673572248145937e-08,4.53839760042727e-09,1801.0942,0.027509989216923714
508,2.917452554255724e-09,3.816624576915056e-08,1.8860029362589123e-08,2.4485064068585635e-08,2.4673572248145937e-08,4.53839760042727e-09,1683.5537,0.24025887250900269
509,2.917452554255724e-09,3.816624576915056e-08,1.8860029362589123e-08,4.8444926300086076e-08,3.1046501468904314e-08,4.53839760042727e-09,1761.793,0.256365031003952
510,2.917452554255724e-09,3.816624576915056e-08,1.8860029362589123e-08,4.8444926300086076e-08,2.4673572248145937e-08,5.318931585606188e-09,1783.7231,0.25944197177886963
511,4.5356935557387764e-08,1.6240147535968573e-08,5.463808835005387e-08,2.4485064068585635e-08,3.1046501468904314e-08,5.318931585606188e-09,1187.6074,0.1089111939072609
